"pitcher1","pitcher2","similarity"
"CC Sabathia","CC Sabathia",0
"Cole Hamels","CC Sabathia",0.978078828526469
"Francisco Liriano","CC Sabathia",0.868286257874303
"Rich Hill","CC Sabathia",1.78945984134401
"Jaime Garcia","CC Sabathia",0.833248733449812
"Jon Lester","CC Sabathia",0.981825698372778
"Clayton Richard","CC Sabathia",1.49344372352572
"David Price","CC Sabathia",1.19977973931119
"J. A. Happ","CC Sabathia",1.15482093964942
"Gio Gonzalez","CC Sabathia",1.04081456534409
"Travis Wood","CC Sabathia",1.06447817100655
"Clayton Kershaw","CC Sabathia",1.69761338980525
"Wade Miley","CC Sabathia",0.985152592180364
"Jose Quintana","CC Sabathia",0.767847021688363
"Derek Holland","CC Sabathia",0.873271918453903
"Madison Bumgarner","CC Sabathia",0.923020995811998
"Danny Duffy","CC Sabathia",0.757831687539418
"Matt Moore","CC Sabathia",1.14014901314606
"Drew Pomeranz","CC Sabathia",1.56380379168
"Chris Sale","CC Sabathia",1.03952736072049
"Martin Perez","CC Sabathia",1.1122310803322
"Adam Conley","CC Sabathia",1.32521940270674
"Mike Montgomery","CC Sabathia",1.00156183622031
"Hyun-Jin Ryu","CC Sabathia",1.23544956624471
"Matt Boyd","CC Sabathia",0.917947437572943
"Patrick Corbin","CC Sabathia",0.737806471880862
"Steven Matz","CC Sabathia",1.09339906506651
"James Paxton","CC Sabathia",1.44666963019452
"Dallas Keuchel","CC Sabathia",0.825511898383971
"Robbie Ray","CC Sabathia",1.29784781694218
"Eduardo Rodriguez","CC Sabathia",1.29551101956296
"Daniel Norris","CC Sabathia",1.16710070722644
"Blake Snell","CC Sabathia",1.3354382127308
"Adalberto Mejia","CC Sabathia",0.951426818398095
"Carlos Rodon","CC Sabathia",0.902666852504673
"Kyle Freeland","CC Sabathia",1.10880757137658
"Sean Manaea","CC Sabathia",1.3910986789522
"Jordan Montgomery","CC Sabathia",0.983549358002589
"Sean Newcomb","CC Sabathia",1.21342419644323
"Ariel Miranda","CC Sabathia",1.42748090930911
"Jason Vargas","CC Sabathia",1.5305621518309
"Ty Blach","CC Sabathia",1.4631838195823
"Alex Wood","CC Sabathia",1.16612048554444
"Hector Santiago","CC Sabathia",1.4647758954194
"CC Sabathia","Cole Hamels",0.978078828526469
"Cole Hamels","Cole Hamels",0
"Francisco Liriano","Cole Hamels",0.722561485695781
"Rich Hill","Cole Hamels",2.2265515022367
"Jaime Garcia","Cole Hamels",0.665672509629518
"Jon Lester","Cole Hamels",0.796706492955333
"Clayton Richard","Cole Hamels",1.13749331065498
"David Price","Cole Hamels",0.79374590022212
"J. A. Happ","Cole Hamels",0.737581136615199
"Gio Gonzalez","Cole Hamels",0.921152165291045
"Travis Wood","Cole Hamels",1.25320531364228
"Clayton Kershaw","Cole Hamels",1.72629625337855
"Wade Miley","Cole Hamels",0.905836158024036
"Jose Quintana","Cole Hamels",1.20857114198982
"Derek Holland","Cole Hamels",0.969405887747008
"Madison Bumgarner","Cole Hamels",0.907108658748257
"Danny Duffy","Cole Hamels",0.924756492288157
"Matt Moore","Cole Hamels",0.665481867027247
"Drew Pomeranz","Cole Hamels",1.7959704450449
"Chris Sale","Cole Hamels",1.15732764940631
"Martin Perez","Cole Hamels",0.569473778719257
"Adam Conley","Cole Hamels",0.887773681299463
"Mike Montgomery","Cole Hamels",0.865546170946774
"Hyun-Jin Ryu","Cole Hamels",0.959490878671177
"Matt Boyd","Cole Hamels",0.679000950324917
"Patrick Corbin","Cole Hamels",0.923826706830079
"Steven Matz","Cole Hamels",0.825367508695887
"James Paxton","Cole Hamels",1.24543133578471
"Dallas Keuchel","Cole Hamels",1.01665878512113
"Robbie Ray","Cole Hamels",1.19579239653739
"Eduardo Rodriguez","Cole Hamels",0.80589890823131
"Daniel Norris","Cole Hamels",0.954564430037479
"Blake Snell","Cole Hamels",1.15200029654771
"Adalberto Mejia","Cole Hamels",0.834702678242518
"Carlos Rodon","Cole Hamels",0.902271088448095
"Kyle Freeland","Cole Hamels",0.856744513327973
"Sean Manaea","Cole Hamels",0.891919121159131
"Jordan Montgomery","Cole Hamels",1.00548391114069
"Sean Newcomb","Cole Hamels",1.22283518604584
"Ariel Miranda","Cole Hamels",1.1363244413837
"Jason Vargas","Cole Hamels",1.39270877175596
"Ty Blach","Cole Hamels",0.85073019754393
"Alex Wood","Cole Hamels",0.866052923629106
"Hector Santiago","Cole Hamels",0.938279874537261
"CC Sabathia","Francisco Liriano",0.868286257874303
"Cole Hamels","Francisco Liriano",0.722561485695781
"Francisco Liriano","Francisco Liriano",0
"Rich Hill","Francisco Liriano",2.26097595184239
"Jaime Garcia","Francisco Liriano",0.874686812514626
"Jon Lester","Francisco Liriano",0.979184399713767
"Clayton Richard","Francisco Liriano",1.11687893256869
"David Price","Francisco Liriano",0.627049921861498
"J. A. Happ","Francisco Liriano",0.814685339053889
"Gio Gonzalez","Francisco Liriano",1.25030872743724
"Travis Wood","Francisco Liriano",1.22310307345903
"Clayton Kershaw","Francisco Liriano",1.95722321646363
"Wade Miley","Francisco Liriano",0.882843248749852
"Jose Quintana","Francisco Liriano",1.17611564285221
"Derek Holland","Francisco Liriano",0.886099359428867
"Madison Bumgarner","Francisco Liriano",1.06419430995746
"Danny Duffy","Francisco Liriano",0.822085848551443
"Matt Moore","Francisco Liriano",0.880809785452047
"Drew Pomeranz","Francisco Liriano",1.82536902486381
"Chris Sale","Francisco Liriano",0.938767355735703
"Martin Perez","Francisco Liriano",0.612585489494743
"Adam Conley","Francisco Liriano",0.894125219504137
"Mike Montgomery","Francisco Liriano",0.881101937073663
"Hyun-Jin Ryu","Francisco Liriano",1.33995643956311
"Matt Boyd","Francisco Liriano",0.830539666459045
"Patrick Corbin","Francisco Liriano",0.771360469408877
"Steven Matz","Francisco Liriano",0.832383970248131
"James Paxton","Francisco Liriano",1.27259702206405
"Dallas Keuchel","Francisco Liriano",1.03872346187988
"Robbie Ray","Francisco Liriano",1.11694098886195
"Eduardo Rodriguez","Francisco Liriano",0.733287425925206
"Daniel Norris","Francisco Liriano",0.876897614343968
"Blake Snell","Francisco Liriano",1.2569923324811
"Adalberto Mejia","Francisco Liriano",0.667820897592493
"Carlos Rodon","Francisco Liriano",0.657538583614496
"Kyle Freeland","Francisco Liriano",0.499402712437469
"Sean Manaea","Francisco Liriano",0.978298548527161
"Jordan Montgomery","Francisco Liriano",1.07912564964282
"Sean Newcomb","Francisco Liriano",1.28871883671342
"Ariel Miranda","Francisco Liriano",1.13662463772826
"Jason Vargas","Francisco Liriano",1.78064193176822
"Ty Blach","Francisco Liriano",1.27431780948704
"Alex Wood","Francisco Liriano",0.749044353083447
"Hector Santiago","Francisco Liriano",1.32630002994987
"CC Sabathia","Rich Hill",1.78945984134401
"Cole Hamels","Rich Hill",2.2265515022367
"Francisco Liriano","Rich Hill",2.26097595184239
"Rich Hill","Rich Hill",0
"Jaime Garcia","Rich Hill",2.18547190957096
"Jon Lester","Rich Hill",1.77323761262949
"Clayton Richard","Rich Hill",2.68869499920888
"David Price","Rich Hill",2.39091103401926
"J. A. Happ","Rich Hill",2.47692221445443
"Gio Gonzalez","Rich Hill",1.67779926248045
"Travis Wood","Rich Hill",2.12579543060948
"Clayton Kershaw","Rich Hill",2.04353261511673
"Wade Miley","Rich Hill",1.72273940314643
"Jose Quintana","Rich Hill",1.61050469880368
"Derek Holland","Rich Hill",1.73336403006751
"Madison Bumgarner","Rich Hill",1.75614074565632
"Danny Duffy","Rich Hill",1.89701270749965
"Matt Moore","Rich Hill",2.11769981735417
"Drew Pomeranz","Rich Hill",1.20195503759157
"Chris Sale","Rich Hill",1.96184612786453
"Martin Perez","Rich Hill",2.39403082847396
"Adam Conley","Rich Hill",2.44321713050604
"Mike Montgomery","Rich Hill",1.75224170059747
"Hyun-Jin Ryu","Rich Hill",1.728158312145
"Matt Boyd","Rich Hill",2.08869593540411
"Patrick Corbin","Rich Hill",1.69963219437284
"Steven Matz","Rich Hill",2.09070063073901
"James Paxton","Rich Hill",2.0165032424724
"Dallas Keuchel","Rich Hill",2.01330044994408
"Robbie Ray","Rich Hill",1.78783405825757
"Eduardo Rodriguez","Rich Hill",2.6001689702151
"Daniel Norris","Rich Hill",2.09709319958382
"Blake Snell","Rich Hill",2.21755033326614
"Adalberto Mejia","Rich Hill",2.18058195479777
"Carlos Rodon","Rich Hill",2.24973057570925
"Kyle Freeland","Rich Hill",2.48844316066376
"Sean Manaea","Rich Hill",2.66409558876845
"Jordan Montgomery","Rich Hill",1.66690529977949
"Sean Newcomb","Rich Hill",1.71563023427983
"Ariel Miranda","Rich Hill",2.27473563697157
"Jason Vargas","Rich Hill",1.9833109049062
"Ty Blach","Rich Hill",2.3630316623386
"Alex Wood","Rich Hill",2.25106692066375
"Hector Santiago","Rich Hill",2.24051310901742
"CC Sabathia","Jaime Garcia",0.833248733449812
"Cole Hamels","Jaime Garcia",0.665672509629518
"Francisco Liriano","Jaime Garcia",0.874686812514626
"Rich Hill","Jaime Garcia",2.18547190957096
"Jaime Garcia","Jaime Garcia",0
"Jon Lester","Jaime Garcia",0.925523857820081
"Clayton Richard","Jaime Garcia",1.06739933732019
"David Price","Jaime Garcia",1.02743884765056
"J. A. Happ","Jaime Garcia",0.823014480268025
"Gio Gonzalez","Jaime Garcia",0.901670431662508
"Travis Wood","Jaime Garcia",1.28078676287063
"Clayton Kershaw","Jaime Garcia",1.66101025218602
"Wade Miley","Jaime Garcia",1.05485518312038
"Jose Quintana","Jaime Garcia",1.13655644305216
"Derek Holland","Jaime Garcia",1.11545748967221
"Madison Bumgarner","Jaime Garcia",0.974918348264021
"Danny Duffy","Jaime Garcia",1.00424768140405
"Matt Moore","Jaime Garcia",0.890782040932705
"Drew Pomeranz","Jaime Garcia",1.82393373800785
"Chris Sale","Jaime Garcia",1.17098936056446
"Martin Perez","Jaime Garcia",0.758570462869879
"Adam Conley","Jaime Garcia",1.14427664767788
"Mike Montgomery","Jaime Garcia",0.925095584806131
"Hyun-Jin Ryu","Jaime Garcia",1.05154732372056
"Matt Boyd","Jaime Garcia",0.855183289214693
"Patrick Corbin","Jaime Garcia",1.0468257936535
"Steven Matz","Jaime Garcia",0.795734587053932
"James Paxton","Jaime Garcia",1.41791278677525
"Dallas Keuchel","Jaime Garcia",0.801885593629718
"Robbie Ray","Jaime Garcia",1.38288963784934
"Eduardo Rodriguez","Jaime Garcia",1.03671577493395
"Daniel Norris","Jaime Garcia",1.05104036334415
"Blake Snell","Jaime Garcia",1.20368341876407
"Adalberto Mejia","Jaime Garcia",1.0269175894301
"Carlos Rodon","Jaime Garcia",0.881692097162156
"Kyle Freeland","Jaime Garcia",0.885528531329303
"Sean Manaea","Jaime Garcia",1.02305868298601
"Jordan Montgomery","Jaime Garcia",1.20922566373654
"Sean Newcomb","Jaime Garcia",1.27015591697034
"Ariel Miranda","Jaime Garcia",1.45856627055207
"Jason Vargas","Jaime Garcia",1.30004858967856
"Ty Blach","Jaime Garcia",1.14930426398922
"Alex Wood","Jaime Garcia",1.00637172245357
"Hector Santiago","Jaime Garcia",1.26942207492901
"CC Sabathia","Jon Lester",0.981825698372778
"Cole Hamels","Jon Lester",0.796706492955333
"Francisco Liriano","Jon Lester",0.979184399713767
"Rich Hill","Jon Lester",1.77323761262949
"Jaime Garcia","Jon Lester",0.925523857820081
"Jon Lester","Jon Lester",0
"Clayton Richard","Jon Lester",1.47910473172808
"David Price","Jon Lester",0.999090995361902
"J. A. Happ","Jon Lester",0.972515252555283
"Gio Gonzalez","Jon Lester",1.22901437348229
"Travis Wood","Jon Lester",0.952462157119645
"Clayton Kershaw","Jon Lester",1.3042518685046
"Wade Miley","Jon Lester",0.798940077684636
"Jose Quintana","Jon Lester",0.913319604705791
"Derek Holland","Jon Lester",0.807398501454941
"Madison Bumgarner","Jon Lester",0.442931980519021
"Danny Duffy","Jon Lester",0.96758840826196
"Matt Moore","Jon Lester",0.920795125503163
"Drew Pomeranz","Jon Lester",1.36022579517774
"Chris Sale","Jon Lester",1.32586014262589
"Martin Perez","Jon Lester",1.07062711706281
"Adam Conley","Jon Lester",1.25179600201209
"Mike Montgomery","Jon Lester",0.966183159153373
"Hyun-Jin Ryu","Jon Lester",0.962777266127417
"Matt Boyd","Jon Lester",0.952175693886638
"Patrick Corbin","Jon Lester",0.938973454669278
"Steven Matz","Jon Lester",1.13936362226104
"James Paxton","Jon Lester",1.2100635553034
"Dallas Keuchel","Jon Lester",1.01704169811118
"Robbie Ray","Jon Lester",0.987178115169612
"Eduardo Rodriguez","Jon Lester",1.03404205465295
"Daniel Norris","Jon Lester",0.814107355503816
"Blake Snell","Jon Lester",1.11264157732596
"Adalberto Mejia","Jon Lester",0.998901510756418
"Carlos Rodon","Jon Lester",0.945862618747162
"Kyle Freeland","Jon Lester",1.04938809925214
"Sean Manaea","Jon Lester",1.34809423253404
"Jordan Montgomery","Jon Lester",0.951308186933353
"Sean Newcomb","Jon Lester",1.10087897421397
"Ariel Miranda","Jon Lester",1.27257305244272
"Jason Vargas","Jon Lester",1.53014653655966
"Ty Blach","Jon Lester",1.27629725271966
"Alex Wood","Jon Lester",1.12067023501176
"Hector Santiago","Jon Lester",1.13216871141531
"CC Sabathia","Clayton Richard",1.49344372352572
"Cole Hamels","Clayton Richard",1.13749331065498
"Francisco Liriano","Clayton Richard",1.11687893256869
"Rich Hill","Clayton Richard",2.68869499920888
"Jaime Garcia","Clayton Richard",1.06739933732019
"Jon Lester","Clayton Richard",1.47910473172808
"Clayton Richard","Clayton Richard",0
"David Price","Clayton Richard",1.29666447835683
"J. A. Happ","Clayton Richard",1.25211963296879
"Gio Gonzalez","Clayton Richard",1.46704238223809
"Travis Wood","Clayton Richard",1.92679413544655
"Clayton Kershaw","Clayton Richard",2.36144236972866
"Wade Miley","Clayton Richard",1.65144254420459
"Jose Quintana","Clayton Richard",1.75489469354862
"Derek Holland","Clayton Richard",1.33646586464255
"Madison Bumgarner","Clayton Richard",1.50042451744802
"Danny Duffy","Clayton Richard",1.55880894956598
"Matt Moore","Clayton Richard",1.22378927146273
"Drew Pomeranz","Clayton Richard",2.24572947880054
"Chris Sale","Clayton Richard",1.28379833571967
"Martin Perez","Clayton Richard",0.948995073219998
"Adam Conley","Clayton Richard",1.12919557874726
"Mike Montgomery","Clayton Richard",1.1701634107811
"Hyun-Jin Ryu","Clayton Richard",1.63171447591735
"Matt Boyd","Clayton Richard",1.26585971412823
"Patrick Corbin","Clayton Richard",1.34815113849917
"Steven Matz","Clayton Richard",1.02794929844757
"James Paxton","Clayton Richard",1.77155424826161
"Dallas Keuchel","Clayton Richard",1.13086524685564
"Robbie Ray","Clayton Richard",1.58145521700905
"Eduardo Rodriguez","Clayton Richard",1.31138447634592
"Daniel Norris","Clayton Richard",1.51551601326725
"Blake Snell","Clayton Richard",1.89074957127556
"Adalberto Mejia","Clayton Richard",1.45222986284665
"Carlos Rodon","Clayton Richard",1.3281433104853
"Kyle Freeland","Clayton Richard",0.995112307971049
"Sean Manaea","Clayton Richard",0.702054546163245
"Jordan Montgomery","Clayton Richard",1.58149506314086
"Sean Newcomb","Clayton Richard",1.80230660478141
"Ariel Miranda","Clayton Richard",1.66183837740192
"Jason Vargas","Clayton Richard",1.63418439591148
"Ty Blach","Clayton Richard",1.25179031769913
"Alex Wood","Clayton Richard",1.0897264716037
"Hector Santiago","Clayton Richard",1.6620524455165
"CC Sabathia","David Price",1.19977973931119
"Cole Hamels","David Price",0.79374590022212
"Francisco Liriano","David Price",0.627049921861498
"Rich Hill","David Price",2.39091103401926
"Jaime Garcia","David Price",1.02743884765056
"Jon Lester","David Price",0.999090995361902
"Clayton Richard","David Price",1.29666447835683
"David Price","David Price",0
"J. A. Happ","David Price",0.737826672959777
"Gio Gonzalez","David Price",1.37371460862222
"Travis Wood","David Price",1.33543530383713
"Clayton Kershaw","David Price",1.88239955395285
"Wade Miley","David Price",0.979305815496144
"Jose Quintana","David Price",1.18495411125227
"Derek Holland","David Price",1.11355407508212
"Madison Bumgarner","David Price",1.08669374430992
"Danny Duffy","David Price",1.03962067099635
"Matt Moore","David Price",0.796071802128407
"Drew Pomeranz","David Price",1.92533787639526
"Chris Sale","David Price",1.08137463749545
"Martin Perez","David Price",0.659258235682363
"Adam Conley","David Price",1.00456803572253
"Mike Montgomery","David Price",0.962963460270612
"Hyun-Jin Ryu","David Price",1.47040490025145
"Matt Boyd","David Price",0.990977078358185
"Patrick Corbin","David Price",1.04235766038261
"Steven Matz","David Price",0.871878616934393
"James Paxton","David Price",1.07698971262736
"Dallas Keuchel","David Price",1.28840592277867
"Robbie Ray","David Price",1.13392188602084
"Eduardo Rodriguez","David Price",0.707256920633659
"Daniel Norris","David Price",0.874542593359769
"Blake Snell","David Price",1.12122485110581
"Adalberto Mejia","David Price",0.787529673200918
"Carlos Rodon","David Price",0.700606255665936
"Kyle Freeland","David Price",0.736107031770484
"Sean Manaea","David Price",1.14596921198062
"Jordan Montgomery","David Price",1.23552614464666
"Sean Newcomb","David Price",1.10346356841967
"Ariel Miranda","David Price",1.059839286651
"Jason Vargas","David Price",1.93949123825003
"Ty Blach","David Price",1.24846722841231
"Alex Wood","David Price",0.818267282053481
"Hector Santiago","David Price",1.18191909143769
"CC Sabathia","J. A. Happ",1.15482093964942
"Cole Hamels","J. A. Happ",0.737581136615199
"Francisco Liriano","J. A. Happ",0.814685339053889
"Rich Hill","J. A. Happ",2.47692221445443
"Jaime Garcia","J. A. Happ",0.823014480268025
"Jon Lester","J. A. Happ",0.972515252555283
"Clayton Richard","J. A. Happ",1.25211963296879
"David Price","J. A. Happ",0.737826672959777
"J. A. Happ","J. A. Happ",0
"Gio Gonzalez","J. A. Happ",1.23172552437436
"Travis Wood","J. A. Happ",1.23657204681301
"Clayton Kershaw","J. A. Happ",1.87975233088015
"Wade Miley","J. A. Happ",1.01183419526709
"Jose Quintana","J. A. Happ",1.19629860911656
"Derek Holland","J. A. Happ",1.09135007659209
"Madison Bumgarner","J. A. Happ",1.10237490465454
"Danny Duffy","J. A. Happ",1.10834253054952
"Matt Moore","J. A. Happ",0.871817833112599
"Drew Pomeranz","J. A. Happ",1.99227766302387
"Chris Sale","J. A. Happ",1.43356816543954
"Martin Perez","J. A. Happ",0.760798110345664
"Adam Conley","J. A. Happ",0.906078173023044
"Mike Montgomery","J. A. Happ",1.21811652678062
"Hyun-Jin Ryu","J. A. Happ",1.44451350410686
"Matt Boyd","J. A. Happ",1.01977310865237
"Patrick Corbin","J. A. Happ",1.08327929694077
"Steven Matz","J. A. Happ",1.04610958990942
"James Paxton","J. A. Happ",1.39699390777881
"Dallas Keuchel","J. A. Happ",1.26737050931753
"Robbie Ray","J. A. Happ",1.31924294781279
"Eduardo Rodriguez","J. A. Happ",0.551431224123276
"Daniel Norris","J. A. Happ",1.03035965164392
"Blake Snell","J. A. Happ",1.08262228386718
"Adalberto Mejia","J. A. Happ",0.749961989894522
"Carlos Rodon","J. A. Happ",0.824227756055103
"Kyle Freeland","J. A. Happ",0.69864428206654
"Sean Manaea","J. A. Happ",1.04950403756187
"Jordan Montgomery","J. A. Happ",1.25347788139261
"Sean Newcomb","J. A. Happ",1.264255747274
"Ariel Miranda","J. A. Happ",1.07693622581942
"Jason Vargas","J. A. Happ",1.75813177629514
"Ty Blach","J. A. Happ",1.07057779440004
"Alex Wood","J. A. Happ",0.93975402883453
"Hector Santiago","J. A. Happ",0.919986931324153
"CC Sabathia","Gio Gonzalez",1.04081456534409
"Cole Hamels","Gio Gonzalez",0.921152165291045
"Francisco Liriano","Gio Gonzalez",1.25030872743724
"Rich Hill","Gio Gonzalez",1.67779926248045
"Jaime Garcia","Gio Gonzalez",0.901670431662508
"Jon Lester","Gio Gonzalez",1.22901437348229
"Clayton Richard","Gio Gonzalez",1.46704238223809
"David Price","Gio Gonzalez",1.37371460862222
"J. A. Happ","Gio Gonzalez",1.23172552437436
"Gio Gonzalez","Gio Gonzalez",0
"Travis Wood","Gio Gonzalez",1.65371618142448
"Clayton Kershaw","Gio Gonzalez",1.85644733361946
"Wade Miley","Gio Gonzalez",1.20333116169654
"Jose Quintana","Gio Gonzalez",1.11075336182603
"Derek Holland","Gio Gonzalez",1.15311246844993
"Madison Bumgarner","Gio Gonzalez",1.32125194376693
"Danny Duffy","Gio Gonzalez",1.18474720531654
"Matt Moore","Gio Gonzalez",1.04498962607371
"Drew Pomeranz","Gio Gonzalez",1.59053096091774
"Chris Sale","Gio Gonzalez",1.25327096717295
"Martin Perez","Gio Gonzalez",1.06613081022711
"Adam Conley","Gio Gonzalez",1.26476289145409
"Mike Montgomery","Gio Gonzalez",0.801446178879299
"Hyun-Jin Ryu","Gio Gonzalez",0.860359073139322
"Matt Boyd","Gio Gonzalez",0.936984114890257
"Patrick Corbin","Gio Gonzalez",1.20826456956526
"Steven Matz","Gio Gonzalez",0.797980332228449
"James Paxton","Gio Gonzalez",1.502629599095
"Dallas Keuchel","Gio Gonzalez",1.1061019462095
"Robbie Ray","Gio Gonzalez",1.54137694914233
"Eduardo Rodriguez","Gio Gonzalez",1.45676364322271
"Daniel Norris","Gio Gonzalez",1.33813134585741
"Blake Snell","Gio Gonzalez",1.48810155124397
"Adalberto Mejia","Gio Gonzalez",1.13122199626246
"Carlos Rodon","Gio Gonzalez",1.1860752037817
"Kyle Freeland","Gio Gonzalez",1.34669173188644
"Sean Manaea","Gio Gonzalez",1.39475700729574
"Jordan Montgomery","Gio Gonzalez",1.21391109096633
"Sean Newcomb","Gio Gonzalez",0.977661292550048
"Ariel Miranda","Gio Gonzalez",1.40180088549358
"Jason Vargas","Gio Gonzalez",1.01573081574894
"Ty Blach","Gio Gonzalez",1.15686697735905
"Alex Wood","Gio Gonzalez",1.04381806219104
"Hector Santiago","Gio Gonzalez",1.31001701163311
"CC Sabathia","Travis Wood",1.06447817100655
"Cole Hamels","Travis Wood",1.25320531364228
"Francisco Liriano","Travis Wood",1.22310307345903
"Rich Hill","Travis Wood",2.12579543060948
"Jaime Garcia","Travis Wood",1.28078676287063
"Jon Lester","Travis Wood",0.952462157119645
"Clayton Richard","Travis Wood",1.92679413544655
"David Price","Travis Wood",1.33543530383713
"J. A. Happ","Travis Wood",1.23657204681301
"Gio Gonzalez","Travis Wood",1.65371618142448
"Travis Wood","Travis Wood",0
"Clayton Kershaw","Travis Wood",1.35608536099566
"Wade Miley","Travis Wood",0.902059722465086
"Jose Quintana","Travis Wood",1.12401116019582
"Derek Holland","Travis Wood",1.20624242180314
"Madison Bumgarner","Travis Wood",0.928114488253918
"Danny Duffy","Travis Wood",1.0339707683423
"Matt Moore","Travis Wood",1.30057229015644
"Drew Pomeranz","Travis Wood",1.72407914503758
"Chris Sale","Travis Wood",1.82522681090636
"Martin Perez","Travis Wood",1.48262274351458
"Adam Conley","Travis Wood",1.46438440953605
"Mike Montgomery","Travis Wood",1.58228005351896
"Hyun-Jin Ryu","Travis Wood",1.4170011433972
"Matt Boyd","Travis Wood",1.30645684910881
"Patrick Corbin","Travis Wood",1.2488918639167
"Steven Matz","Travis Wood",1.70206068911998
"James Paxton","Travis Wood",1.58546322420714
"Dallas Keuchel","Travis Wood",1.24852971865334
"Robbie Ray","Travis Wood",1.3982916568686
"Eduardo Rodriguez","Travis Wood",1.29287946825703
"Daniel Norris","Travis Wood",1.17603165276985
"Blake Snell","Travis Wood",1.00116147441395
"Adalberto Mejia","Travis Wood",1.05766043382354
"Carlos Rodon","Travis Wood",1.14167234161141
"Kyle Freeland","Travis Wood",1.33225024303381
"Sean Manaea","Travis Wood",1.73584992852176
"Jordan Montgomery","Travis Wood",1.06456842521962
"Sean Newcomb","Travis Wood",1.46983701710568
"Ariel Miranda","Travis Wood",1.35433929289865
"Jason Vargas","Travis Wood",1.73491598435519
"Ty Blach","Travis Wood",1.62499977751659
"Alex Wood","Travis Wood",1.479188856467
"Hector Santiago","Travis Wood",1.31027570574961
"CC Sabathia","Clayton Kershaw",1.69761338980525
"Cole Hamels","Clayton Kershaw",1.72629625337855
"Francisco Liriano","Clayton Kershaw",1.95722321646363
"Rich Hill","Clayton Kershaw",2.04353261511673
"Jaime Garcia","Clayton Kershaw",1.66101025218602
"Jon Lester","Clayton Kershaw",1.3042518685046
"Clayton Richard","Clayton Kershaw",2.36144236972866
"David Price","Clayton Kershaw",1.88239955395285
"J. A. Happ","Clayton Kershaw",1.87975233088015
"Gio Gonzalez","Clayton Kershaw",1.85644733361946
"Travis Wood","Clayton Kershaw",1.35608536099566
"Clayton Kershaw","Clayton Kershaw",0
"Wade Miley","Clayton Kershaw",1.44613062739512
"Jose Quintana","Clayton Kershaw",1.44654005380246
"Derek Holland","Clayton Kershaw",1.71573984848724
"Madison Bumgarner","Clayton Kershaw",1.19849080462161
"Danny Duffy","Clayton Kershaw",1.66131966158844
"Matt Moore","Clayton Kershaw",1.68262196200849
"Drew Pomeranz","Clayton Kershaw",1.43313701722958
"Chris Sale","Clayton Kershaw",2.26653286161041
"Martin Perez","Clayton Kershaw",1.95487275571746
"Adam Conley","Clayton Kershaw",2.14580721603169
"Mike Montgomery","Clayton Kershaw",1.71993614600549
"Hyun-Jin Ryu","Clayton Kershaw",1.55622746404751
"Matt Boyd","Clayton Kershaw",1.84363461368161
"Patrick Corbin","Clayton Kershaw",1.76921532902581
"Steven Matz","Clayton Kershaw",1.91999628614428
"James Paxton","Clayton Kershaw",1.40596899907668
"Dallas Keuchel","Clayton Kershaw",1.81723037185623
"Robbie Ray","Clayton Kershaw",1.3616341024198
"Eduardo Rodriguez","Clayton Kershaw",1.9804431887359
"Daniel Norris","Clayton Kershaw",1.4899213223497
"Blake Snell","Clayton Kershaw",1.27776594237176
"Adalberto Mejia","Clayton Kershaw",1.80127472387218
"Carlos Rodon","Clayton Kershaw",1.78331051735045
"Kyle Freeland","Clayton Kershaw",1.99874975722807
"Sean Manaea","Clayton Kershaw",2.20697534822407
"Jordan Montgomery","Clayton Kershaw",1.46413449638841
"Sean Newcomb","Clayton Kershaw",1.41909216521814
"Ariel Miranda","Clayton Kershaw",1.90565053017743
"Jason Vargas","Clayton Kershaw",1.96958662763515
"Ty Blach","Clayton Kershaw",2.05259366234345
"Alex Wood","Clayton Kershaw",2.05462833688124
"Hector Santiago","Clayton Kershaw",1.91600520186481
"CC Sabathia","Wade Miley",0.985152592180364
"Cole Hamels","Wade Miley",0.905836158024036
"Francisco Liriano","Wade Miley",0.882843248749852
"Rich Hill","Wade Miley",1.72273940314643
"Jaime Garcia","Wade Miley",1.05485518312038
"Jon Lester","Wade Miley",0.798940077684636
"Clayton Richard","Wade Miley",1.65144254420459
"David Price","Wade Miley",0.979305815496144
"J. A. Happ","Wade Miley",1.01183419526709
"Gio Gonzalez","Wade Miley",1.20333116169654
"Travis Wood","Wade Miley",0.902059722465086
"Clayton Kershaw","Wade Miley",1.44613062739512
"Wade Miley","Wade Miley",0
"Jose Quintana","Wade Miley",0.821574793736943
"Derek Holland","Wade Miley",0.927482517964705
"Madison Bumgarner","Wade Miley",0.801906393999877
"Danny Duffy","Wade Miley",0.742723766345061
"Matt Moore","Wade Miley",0.881673849230792
"Drew Pomeranz","Wade Miley",1.37801081359206
"Chris Sale","Wade Miley",1.35342188282971
"Martin Perez","Wade Miley",1.09337234720902
"Adam Conley","Wade Miley",1.18389322513852
"Mike Montgomery","Wade Miley",1.03431622124864
"Hyun-Jin Ryu","Wade Miley",1.05924292551765
"Matt Boyd","Wade Miley",1.03555868216058
"Patrick Corbin","Wade Miley",0.868667158297222
"Steven Matz","Wade Miley",1.22971384504826
"James Paxton","Wade Miley",1.11222189835044
"Dallas Keuchel","Wade Miley",1.21869419208722
"Robbie Ray","Wade Miley",0.970179162255449
"Eduardo Rodriguez","Wade Miley",1.17443273753602
"Daniel Norris","Wade Miley",0.708128982747746
"Blake Snell","Wade Miley",0.836434635807072
"Adalberto Mejia","Wade Miley",0.746539279178106
"Carlos Rodon","Wade Miley",0.932630803149445
"Kyle Freeland","Wade Miley",1.14661747993116
"Sean Manaea","Wade Miley",1.53585201504506
"Jordan Montgomery","Wade Miley",0.680154402045579
"Sean Newcomb","Wade Miley",0.959858086125396
"Ariel Miranda","Wade Miley",1.04785122900215
"Jason Vargas","Wade Miley",1.59122880155036
"Ty Blach","Wade Miley",1.21348498393743
"Alex Wood","Wade Miley",1.0554717854926
"Hector Santiago","Wade Miley",1.05356567848803
"CC Sabathia","Jose Quintana",0.767847021688363
"Cole Hamels","Jose Quintana",1.20857114198982
"Francisco Liriano","Jose Quintana",1.17611564285221
"Rich Hill","Jose Quintana",1.61050469880368
"Jaime Garcia","Jose Quintana",1.13655644305216
"Jon Lester","Jose Quintana",0.913319604705791
"Clayton Richard","Jose Quintana",1.75489469354862
"David Price","Jose Quintana",1.18495411125227
"J. A. Happ","Jose Quintana",1.19629860911656
"Gio Gonzalez","Jose Quintana",1.11075336182603
"Travis Wood","Jose Quintana",1.12401116019582
"Clayton Kershaw","Jose Quintana",1.44654005380246
"Wade Miley","Jose Quintana",0.821574793736943
"Jose Quintana","Jose Quintana",0
"Derek Holland","Jose Quintana",0.913056539508068
"Madison Bumgarner","Jose Quintana",0.876946017149223
"Danny Duffy","Jose Quintana",0.785609787053698
"Matt Moore","Jose Quintana",1.11183691094523
"Drew Pomeranz","Jose Quintana",1.25198688750662
"Chris Sale","Jose Quintana",1.16615701437191
"Martin Perez","Jose Quintana",1.26642699494971
"Adam Conley","Jose Quintana",1.55774114482289
"Mike Montgomery","Jose Quintana",0.967089098489814
"Hyun-Jin Ryu","Jose Quintana",1.31229944801397
"Matt Boyd","Jose Quintana",1.07584158839064
"Patrick Corbin","Jose Quintana",0.850325511209745
"Steven Matz","Jose Quintana",1.1012401082089
"James Paxton","Jose Quintana",1.04860411169884
"Dallas Keuchel","Jose Quintana",1.16588403362256
"Robbie Ray","Jose Quintana",1.01081882230773
"Eduardo Rodriguez","Jose Quintana",1.34237255020751
"Daniel Norris","Jose Quintana",1.032771903676
"Blake Snell","Jose Quintana",1.03963258084612
"Adalberto Mejia","Jose Quintana",0.924371385229036
"Carlos Rodon","Jose Quintana",0.916231360667327
"Kyle Freeland","Jose Quintana",1.27871555347378
"Sean Manaea","Jose Quintana",1.65311260782442
"Jordan Montgomery","Jose Quintana",0.864916443071709
"Sean Newcomb","Jose Quintana",0.718599644892722
"Ariel Miranda","Jose Quintana",1.28740913893023
"Jason Vargas","Jose Quintana",1.68710933715029
"Ty Blach","Jose Quintana",1.59022895023666
"Alex Wood","Jose Quintana",1.2176947669221
"Hector Santiago","Jose Quintana",1.39662777385868
"CC Sabathia","Derek Holland",0.873271918453903
"Cole Hamels","Derek Holland",0.969405887747008
"Francisco Liriano","Derek Holland",0.886099359428867
"Rich Hill","Derek Holland",1.73336403006751
"Jaime Garcia","Derek Holland",1.11545748967221
"Jon Lester","Derek Holland",0.807398501454941
"Clayton Richard","Derek Holland",1.33646586464255
"David Price","Derek Holland",1.11355407508212
"J. A. Happ","Derek Holland",1.09135007659209
"Gio Gonzalez","Derek Holland",1.15311246844993
"Travis Wood","Derek Holland",1.20624242180314
"Clayton Kershaw","Derek Holland",1.71573984848724
"Wade Miley","Derek Holland",0.927482517964705
"Jose Quintana","Derek Holland",0.913056539508068
"Derek Holland","Derek Holland",0
"Madison Bumgarner","Derek Holland",0.865657689887482
"Danny Duffy","Derek Holland",0.940992774403415
"Matt Moore","Derek Holland",1.00536200097363
"Drew Pomeranz","Derek Holland",1.45737424090838
"Chris Sale","Derek Holland",1.11680820640395
"Martin Perez","Derek Holland",1.0826768825531
"Adam Conley","Derek Holland",1.12817759007623
"Mike Montgomery","Derek Holland",0.862765913111458
"Hyun-Jin Ryu","Derek Holland",1.05570175019425
"Matt Boyd","Derek Holland",0.851449344122251
"Patrick Corbin","Derek Holland",0.614291914653173
"Steven Matz","Derek Holland",1.06239450049926
"James Paxton","Derek Holland",1.25777836080334
"Dallas Keuchel","Derek Holland",1.03918834514457
"Robbie Ray","Derek Holland",0.906245029497682
"Eduardo Rodriguez","Derek Holland",1.13371543603492
"Daniel Norris","Derek Holland",1.1548468538094
"Blake Snell","Derek Holland",1.37898017795168
"Adalberto Mejia","Derek Holland",0.908392905468822
"Carlos Rodon","Derek Holland",0.998274085348711
"Kyle Freeland","Derek Holland",0.985699240336448
"Sean Manaea","Derek Holland",1.24865392718751
"Jordan Montgomery","Derek Holland",0.781404658573217
"Sean Newcomb","Derek Holland",1.19507280024612
"Ariel Miranda","Derek Holland",1.1020000028897
"Jason Vargas","Derek Holland",1.51752172727402
"Ty Blach","Derek Holland",1.2452520281797
"Alex Wood","Derek Holland",0.997751674767883
"Hector Santiago","Derek Holland",1.23647148649755
"CC Sabathia","Madison Bumgarner",0.923020995811998
"Cole Hamels","Madison Bumgarner",0.907108658748257
"Francisco Liriano","Madison Bumgarner",1.06419430995746
"Rich Hill","Madison Bumgarner",1.75614074565632
"Jaime Garcia","Madison Bumgarner",0.974918348264021
"Jon Lester","Madison Bumgarner",0.442931980519021
"Clayton Richard","Madison Bumgarner",1.50042451744802
"David Price","Madison Bumgarner",1.08669374430992
"J. A. Happ","Madison Bumgarner",1.10237490465454
"Gio Gonzalez","Madison Bumgarner",1.32125194376693
"Travis Wood","Madison Bumgarner",0.928114488253918
"Clayton Kershaw","Madison Bumgarner",1.19849080462161
"Wade Miley","Madison Bumgarner",0.801906393999877
"Jose Quintana","Madison Bumgarner",0.876946017149223
"Derek Holland","Madison Bumgarner",0.865657689887482
"Madison Bumgarner","Madison Bumgarner",0
"Danny Duffy","Madison Bumgarner",0.962138331793596
"Matt Moore","Madison Bumgarner",0.939428855023313
"Drew Pomeranz","Madison Bumgarner",1.36077149008819
"Chris Sale","Madison Bumgarner",1.40846821677365
"Martin Perez","Madison Bumgarner",1.11706850027923
"Adam Conley","Madison Bumgarner",1.2501326992145
"Mike Montgomery","Madison Bumgarner",1.01250053594703
"Hyun-Jin Ryu","Madison Bumgarner",1.0512763609671
"Matt Boyd","Madison Bumgarner",1.0123103195063
"Patrick Corbin","Madison Bumgarner",0.943598633980837
"Steven Matz","Madison Bumgarner",1.2111999532152
"James Paxton","Madison Bumgarner",1.20286094263015
"Dallas Keuchel","Madison Bumgarner",0.979034815600099
"Robbie Ray","Madison Bumgarner",0.966740779394088
"Eduardo Rodriguez","Madison Bumgarner",1.13789392555097
"Daniel Norris","Madison Bumgarner",0.975415555772455
"Blake Snell","Madison Bumgarner",1.13032083040123
"Adalberto Mejia","Madison Bumgarner",1.0212787451273
"Carlos Rodon","Madison Bumgarner",0.975049754937886
"Kyle Freeland","Madison Bumgarner",1.15874122813991
"Sean Manaea","Madison Bumgarner",1.3954295445398
"Jordan Montgomery","Madison Bumgarner",0.914789792741663
"Sean Newcomb","Madison Bumgarner",1.14912690296932
"Ariel Miranda","Madison Bumgarner",1.29943209458675
"Jason Vargas","Madison Bumgarner",1.51772939822641
"Ty Blach","Madison Bumgarner",1.30842776430028
"Alex Wood","Madison Bumgarner",1.1979790569432
"Hector Santiago","Madison Bumgarner",1.22523804348764
"CC Sabathia","Danny Duffy",0.757831687539418
"Cole Hamels","Danny Duffy",0.924756492288157
"Francisco Liriano","Danny Duffy",0.822085848551443
"Rich Hill","Danny Duffy",1.89701270749965
"Jaime Garcia","Danny Duffy",1.00424768140405
"Jon Lester","Danny Duffy",0.96758840826196
"Clayton Richard","Danny Duffy",1.55880894956598
"David Price","Danny Duffy",1.03962067099635
"J. A. Happ","Danny Duffy",1.10834253054952
"Gio Gonzalez","Danny Duffy",1.18474720531654
"Travis Wood","Danny Duffy",1.0339707683423
"Clayton Kershaw","Danny Duffy",1.66131966158844
"Wade Miley","Danny Duffy",0.742723766345061
"Jose Quintana","Danny Duffy",0.785609787053698
"Derek Holland","Danny Duffy",0.940992774403415
"Madison Bumgarner","Danny Duffy",0.962138331793596
"Danny Duffy","Danny Duffy",0
"Matt Moore","Danny Duffy",0.917653358398529
"Drew Pomeranz","Danny Duffy",1.41948419196193
"Chris Sale","Danny Duffy",1.1285042133773
"Martin Perez","Danny Duffy",1.03692574568798
"Adam Conley","Danny Duffy",1.25547930327909
"Mike Montgomery","Danny Duffy",1.11299720679549
"Hyun-Jin Ryu","Danny Duffy",1.16026816152829
"Matt Boyd","Danny Duffy",0.950634043734863
"Patrick Corbin","Danny Duffy",0.708052146911594
"Steven Matz","Danny Duffy",1.19145294630281
"James Paxton","Danny Duffy",1.13237212227226
"Dallas Keuchel","Danny Duffy",1.15735148043493
"Robbie Ray","Danny Duffy",0.968243089680062
"Eduardo Rodriguez","Danny Duffy",1.06613328139374
"Daniel Norris","Danny Duffy",0.874441403667384
"Blake Snell","Danny Duffy",0.897195287318923
"Adalberto Mejia","Danny Duffy",0.658339753437197
"Carlos Rodon","Danny Duffy",0.703257456849051
"Kyle Freeland","Danny Duffy",1.14799757166143
"Sean Manaea","Danny Duffy",1.38895539366138
"Jordan Montgomery","Danny Duffy",0.677542433286373
"Sean Newcomb","Danny Duffy",0.942459500210377
"Ariel Miranda","Danny Duffy",1.12602370891765
"Jason Vargas","Danny Duffy",1.64840872377644
"Ty Blach","Danny Duffy",1.34125531368324
"Alex Wood","Danny Duffy",0.84982621277687
"Hector Santiago","Danny Duffy",1.17766220284658
"CC Sabathia","Matt Moore",1.14014901314606
"Cole Hamels","Matt Moore",0.665481867027247
"Francisco Liriano","Matt Moore",0.880809785452047
"Rich Hill","Matt Moore",2.11769981735417
"Jaime Garcia","Matt Moore",0.890782040932705
"Jon Lester","Matt Moore",0.920795125503163
"Clayton Richard","Matt Moore",1.22378927146273
"David Price","Matt Moore",0.796071802128407
"J. A. Happ","Matt Moore",0.871817833112599
"Gio Gonzalez","Matt Moore",1.04498962607371
"Travis Wood","Matt Moore",1.30057229015644
"Clayton Kershaw","Matt Moore",1.68262196200849
"Wade Miley","Matt Moore",0.881673849230792
"Jose Quintana","Matt Moore",1.11183691094523
"Derek Holland","Matt Moore",1.00536200097363
"Madison Bumgarner","Matt Moore",0.939428855023313
"Danny Duffy","Matt Moore",0.917653358398529
"Matt Moore","Matt Moore",0
"Drew Pomeranz","Matt Moore",1.78455171001975
"Chris Sale","Matt Moore",1.19959508683458
"Martin Perez","Matt Moore",0.740078856565216
"Adam Conley","Matt Moore",0.743140001764311
"Mike Montgomery","Matt Moore",0.954193169143255
"Hyun-Jin Ryu","Matt Moore",1.02599832929044
"Matt Boyd","Matt Moore",0.794356954775324
"Patrick Corbin","Matt Moore",1.04485611313074
"Steven Matz","Matt Moore",0.880619454892818
"James Paxton","Matt Moore",1.0983269338203
"Dallas Keuchel","Matt Moore",1.18421521772467
"Robbie Ray","Matt Moore",1.05976507559494
"Eduardo Rodriguez","Matt Moore",0.854091650388062
"Daniel Norris","Matt Moore",1.00933018095752
"Blake Snell","Matt Moore",1.15880161787985
"Adalberto Mejia","Matt Moore",0.725946224637709
"Carlos Rodon","Matt Moore",0.856226550560769
"Kyle Freeland","Matt Moore",1.07329766211978
"Sean Manaea","Matt Moore",1.03450954249162
"Jordan Montgomery","Matt Moore",0.930408142703346
"Sean Newcomb","Matt Moore",1.05828858824438
"Ariel Miranda","Matt Moore",0.763142452875237
"Jason Vargas","Matt Moore",1.46970727071998
"Ty Blach","Matt Moore",0.812001515231916
"Alex Wood","Matt Moore",0.579612982108242
"Hector Santiago","Matt Moore",0.781185440209776
"CC Sabathia","Drew Pomeranz",1.56380379168
"Cole Hamels","Drew Pomeranz",1.7959704450449
"Francisco Liriano","Drew Pomeranz",1.82536902486381
"Rich Hill","Drew Pomeranz",1.20195503759157
"Jaime Garcia","Drew Pomeranz",1.82393373800785
"Jon Lester","Drew Pomeranz",1.36022579517774
"Clayton Richard","Drew Pomeranz",2.24572947880054
"David Price","Drew Pomeranz",1.92533787639526
"J. A. Happ","Drew Pomeranz",1.99227766302387
"Gio Gonzalez","Drew Pomeranz",1.59053096091774
"Travis Wood","Drew Pomeranz",1.72407914503758
"Clayton Kershaw","Drew Pomeranz",1.43313701722958
"Wade Miley","Drew Pomeranz",1.37801081359206
"Jose Quintana","Drew Pomeranz",1.25198688750662
"Derek Holland","Drew Pomeranz",1.45737424090838
"Madison Bumgarner","Drew Pomeranz",1.36077149008819
"Danny Duffy","Drew Pomeranz",1.41948419196193
"Matt Moore","Drew Pomeranz",1.78455171001975
"Drew Pomeranz","Drew Pomeranz",0
"Chris Sale","Drew Pomeranz",1.71905847756967
"Martin Perez","Drew Pomeranz",2.0048415855032
"Adam Conley","Drew Pomeranz",2.1659292971031
"Mike Montgomery","Drew Pomeranz",1.36747082360544
"Hyun-Jin Ryu","Drew Pomeranz",1.68086595921188
"Matt Boyd","Drew Pomeranz",1.87210445401824
"Patrick Corbin","Drew Pomeranz",1.2274295842797
"Steven Matz","Drew Pomeranz",1.69847639111802
"James Paxton","Drew Pomeranz",1.35302224197401
"Dallas Keuchel","Drew Pomeranz",1.81137563476634
"Robbie Ray","Drew Pomeranz",1.09567755555039
"Eduardo Rodriguez","Drew Pomeranz",2.07072821397097
"Daniel Norris","Drew Pomeranz",1.37846652901001
"Blake Snell","Drew Pomeranz",1.627398524597
"Adalberto Mejia","Drew Pomeranz",1.76238697406436
"Carlos Rodon","Drew Pomeranz",1.69248525468691
"Kyle Freeland","Drew Pomeranz",1.98354471730112
"Sean Manaea","Drew Pomeranz",2.22253569309196
"Jordan Montgomery","Drew Pomeranz",1.25894548655985
"Sean Newcomb","Drew Pomeranz",1.08815845412095
"Ariel Miranda","Drew Pomeranz",1.98848726868411
"Jason Vargas","Drew Pomeranz",2.06317181288933
"Ty Blach","Drew Pomeranz",2.16439549906074
"Alex Wood","Drew Pomeranz",1.8832506673829
"Hector Santiago","Drew Pomeranz",2.11260104071019
"CC Sabathia","Chris Sale",1.03952736072049
"Cole Hamels","Chris Sale",1.15732764940631
"Francisco Liriano","Chris Sale",0.938767355735703
"Rich Hill","Chris Sale",1.96184612786453
"Jaime Garcia","Chris Sale",1.17098936056446
"Jon Lester","Chris Sale",1.32586014262589
"Clayton Richard","Chris Sale",1.28379833571967
"David Price","Chris Sale",1.08137463749545
"J. A. Happ","Chris Sale",1.43356816543954
"Gio Gonzalez","Chris Sale",1.25327096717295
"Travis Wood","Chris Sale",1.82522681090636
"Clayton Kershaw","Chris Sale",2.26653286161041
"Wade Miley","Chris Sale",1.35342188282971
"Jose Quintana","Chris Sale",1.16615701437191
"Derek Holland","Chris Sale",1.11680820640395
"Madison Bumgarner","Chris Sale",1.40846821677365
"Danny Duffy","Chris Sale",1.1285042133773
"Matt Moore","Chris Sale",1.19959508683458
"Drew Pomeranz","Chris Sale",1.71905847756967
"Chris Sale","Chris Sale",0
"Martin Perez","Chris Sale",0.980218172676243
"Adam Conley","Chris Sale",1.49770983657655
"Mike Montgomery","Chris Sale",0.892961272494413
"Hyun-Jin Ryu","Chris Sale",1.48805379955212
"Matt Boyd","Chris Sale",1.07177388830697
"Patrick Corbin","Chris Sale",0.964666876171518
"Steven Matz","Chris Sale",0.871504161902325
"James Paxton","Chris Sale",1.29939429801228
"Dallas Keuchel","Chris Sale",1.20013416358836
"Robbie Ray","Chris Sale",1.35888560038223
"Eduardo Rodriguez","Chris Sale",1.37899866384658
"Daniel Norris","Chris Sale",1.26786316610057
"Blake Snell","Chris Sale",1.74937316622527
"Adalberto Mejia","Chris Sale",1.29170573946801
"Carlos Rodon","Chris Sale",1.19583701035584
"Kyle Freeland","Chris Sale",1.23757872697568
"Sean Manaea","Chris Sale",1.32301666818466
"Jordan Montgomery","Chris Sale",1.3655091003366
"Sean Newcomb","Chris Sale",1.2737426544444
"Ariel Miranda","Chris Sale",1.66587705970994
"Jason Vargas","Chris Sale",1.86369021154407
"Ty Blach","Chris Sale",1.54278858869212
"Alex Wood","Chris Sale",0.998786185768926
"Hector Santiago","Chris Sale",1.72536570112532
"CC Sabathia","Martin Perez",1.1122310803322
"Cole Hamels","Martin Perez",0.569473778719257
"Francisco Liriano","Martin Perez",0.612585489494743
"Rich Hill","Martin Perez",2.39403082847396
"Jaime Garcia","Martin Perez",0.758570462869879
"Jon Lester","Martin Perez",1.07062711706281
"Clayton Richard","Martin Perez",0.948995073219998
"David Price","Martin Perez",0.659258235682363
"J. A. Happ","Martin Perez",0.760798110345664
"Gio Gonzalez","Martin Perez",1.06613081022711
"Travis Wood","Martin Perez",1.48262274351458
"Clayton Kershaw","Martin Perez",1.95487275571746
"Wade Miley","Martin Perez",1.09337234720902
"Jose Quintana","Martin Perez",1.26642699494971
"Derek Holland","Martin Perez",1.0826768825531
"Madison Bumgarner","Martin Perez",1.11706850027923
"Danny Duffy","Martin Perez",1.03692574568798
"Matt Moore","Martin Perez",0.740078856565216
"Drew Pomeranz","Martin Perez",2.0048415855032
"Chris Sale","Martin Perez",0.980218172676243
"Martin Perez","Martin Perez",0
"Adam Conley","Martin Perez",0.896258548052542
"Mike Montgomery","Martin Perez",0.906208013484349
"Hyun-Jin Ryu","Martin Perez",1.29060245444792
"Matt Boyd","Martin Perez",0.820095530203036
"Patrick Corbin","Martin Perez",1.04587098285975
"Steven Matz","Martin Perez",0.594968391780734
"James Paxton","Martin Perez",1.2602677704849
"Dallas Keuchel","Martin Perez",1.10713290759046
"Robbie Ray","Martin Perez",1.29386866988201
"Eduardo Rodriguez","Martin Perez",0.749223875137956
"Daniel Norris","Martin Perez",1.08687694276611
"Blake Snell","Martin Perez",1.15500263485639
"Adalberto Mejia","Martin Perez",0.839359049519488
"Carlos Rodon","Martin Perez",0.834173668975137
"Kyle Freeland","Martin Perez",0.760049298260314
"Sean Manaea","Martin Perez",0.811627620059902
"Jordan Montgomery","Martin Perez",1.20755297977492
"Sean Newcomb","Martin Perez",1.24292644964601
"Ariel Miranda","Martin Perez",1.15445623324373
"Jason Vargas","Martin Perez",1.57717210114949
"Ty Blach","Martin Perez",0.955784162449036
"Alex Wood","Martin Perez",0.708600991853588
"Hector Santiago","Martin Perez",1.0805235953868
"CC Sabathia","Adam Conley",1.32521940270674
"Cole Hamels","Adam Conley",0.887773681299463
"Francisco Liriano","Adam Conley",0.894125219504137
"Rich Hill","Adam Conley",2.44321713050604
"Jaime Garcia","Adam Conley",1.14427664767788
"Jon Lester","Adam Conley",1.25179600201209
"Clayton Richard","Adam Conley",1.12919557874726
"David Price","Adam Conley",1.00456803572253
"J. A. Happ","Adam Conley",0.906078173023044
"Gio Gonzalez","Adam Conley",1.26476289145409
"Travis Wood","Adam Conley",1.46438440953605
"Clayton Kershaw","Adam Conley",2.14580721603169
"Wade Miley","Adam Conley",1.18389322513852
"Jose Quintana","Adam Conley",1.55774114482289
"Derek Holland","Adam Conley",1.12817759007623
"Madison Bumgarner","Adam Conley",1.2501326992145
"Danny Duffy","Adam Conley",1.25547930327909
"Matt Moore","Adam Conley",0.743140001764311
"Drew Pomeranz","Adam Conley",2.1659292971031
"Chris Sale","Adam Conley",1.49770983657655
"Martin Perez","Adam Conley",0.896258548052542
"Adam Conley","Adam Conley",0
"Mike Montgomery","Adam Conley",1.24548616433086
"Hyun-Jin Ryu","Adam Conley",1.29563494080524
"Matt Boyd","Adam Conley",0.981652720058646
"Patrick Corbin","Adam Conley",1.30871934437926
"Steven Matz","Adam Conley",1.16808924476232
"James Paxton","Adam Conley",1.67688308874266
"Dallas Keuchel","Adam Conley",1.31172281272576
"Robbie Ray","Adam Conley",1.49610668720248
"Eduardo Rodriguez","Adam Conley",0.797433867737715
"Daniel Norris","Adam Conley",1.40556882321895
"Blake Snell","Adam Conley",1.51160203615032
"Adalberto Mejia","Adam Conley",0.841136721754412
"Carlos Rodon","Adam Conley",1.12873479743095
"Kyle Freeland","Adam Conley",0.927582046697827
"Sean Manaea","Adam Conley",0.90830278284125
"Jordan Montgomery","Adam Conley",1.28966582590064
"Sean Newcomb","Adam Conley",1.62444071702807
"Ariel Miranda","Adam Conley",0.849117895822422
"Jason Vargas","Adam Conley",1.49171564717144
"Ty Blach","Adam Conley",0.571708055814247
"Alex Wood","Adam Conley",0.775381365512879
"Hector Santiago","Adam Conley",0.874066516660922
"CC Sabathia","Mike Montgomery",1.00156183622031
"Cole Hamels","Mike Montgomery",0.865546170946774
"Francisco Liriano","Mike Montgomery",0.881101937073663
"Rich Hill","Mike Montgomery",1.75224170059747
"Jaime Garcia","Mike Montgomery",0.925095584806131
"Jon Lester","Mike Montgomery",0.966183159153373
"Clayton Richard","Mike Montgomery",1.1701634107811
"David Price","Mike Montgomery",0.962963460270612
"J. A. Happ","Mike Montgomery",1.21811652678062
"Gio Gonzalez","Mike Montgomery",0.801446178879299
"Travis Wood","Mike Montgomery",1.58228005351896
"Clayton Kershaw","Mike Montgomery",1.71993614600549
"Wade Miley","Mike Montgomery",1.03431622124864
"Jose Quintana","Mike Montgomery",0.967089098489814
"Derek Holland","Mike Montgomery",0.862765913111458
"Madison Bumgarner","Mike Montgomery",1.01250053594703
"Danny Duffy","Mike Montgomery",1.11299720679549
"Matt Moore","Mike Montgomery",0.954193169143255
"Drew Pomeranz","Mike Montgomery",1.36747082360544
"Chris Sale","Mike Montgomery",0.892961272494413
"Martin Perez","Mike Montgomery",0.906208013484349
"Adam Conley","Mike Montgomery",1.24548616433086
"Mike Montgomery","Mike Montgomery",0
"Hyun-Jin Ryu","Mike Montgomery",1.05262886826746
"Matt Boyd","Mike Montgomery",0.89856791167847
"Patrick Corbin","Mike Montgomery",0.759279084613279
"Steven Matz","Mike Montgomery",0.457189530932795
"James Paxton","Mike Montgomery",1.06093639027299
"Dallas Keuchel","Mike Montgomery",0.957508296493971
"Robbie Ray","Mike Montgomery",1.0523834957901
"Eduardo Rodriguez","Mike Montgomery",1.26592127009206
"Daniel Norris","Mike Montgomery",1.01446895719952
"Blake Snell","Mike Montgomery",1.4375897506592
"Adalberto Mejia","Mike Montgomery",1.13388736831355
"Carlos Rodon","Mike Montgomery",0.958159403055808
"Kyle Freeland","Mike Montgomery",1.08049175198618
"Sean Manaea","Mike Montgomery",1.15524100957515
"Jordan Montgomery","Mike Montgomery",1.06441544907935
"Sean Newcomb","Mike Montgomery",0.856865012329371
"Ariel Miranda","Mike Montgomery",1.40496216150069
"Jason Vargas","Mike Montgomery",1.40205772656916
"Ty Blach","Mike Montgomery",1.24317314425734
"Alex Wood","Mike Montgomery",0.96931668061488
"Hector Santiago","Mike Montgomery",1.49202632885446
"CC Sabathia","Hyun-Jin Ryu",1.23544956624471
"Cole Hamels","Hyun-Jin Ryu",0.959490878671177
"Francisco Liriano","Hyun-Jin Ryu",1.33995643956311
"Rich Hill","Hyun-Jin Ryu",1.728158312145
"Jaime Garcia","Hyun-Jin Ryu",1.05154732372056
"Jon Lester","Hyun-Jin Ryu",0.962777266127417
"Clayton Richard","Hyun-Jin Ryu",1.63171447591735
"David Price","Hyun-Jin Ryu",1.47040490025145
"J. A. Happ","Hyun-Jin Ryu",1.44451350410686
"Gio Gonzalez","Hyun-Jin Ryu",0.860359073139322
"Travis Wood","Hyun-Jin Ryu",1.4170011433972
"Clayton Kershaw","Hyun-Jin Ryu",1.55622746404751
"Wade Miley","Hyun-Jin Ryu",1.05924292551765
"Jose Quintana","Hyun-Jin Ryu",1.31229944801397
"Derek Holland","Hyun-Jin Ryu",1.05570175019425
"Madison Bumgarner","Hyun-Jin Ryu",1.0512763609671
"Danny Duffy","Hyun-Jin Ryu",1.16026816152829
"Matt Moore","Hyun-Jin Ryu",1.02599832929044
"Drew Pomeranz","Hyun-Jin Ryu",1.68086595921188
"Chris Sale","Hyun-Jin Ryu",1.48805379955212
"Martin Perez","Hyun-Jin Ryu",1.29060245444792
"Adam Conley","Hyun-Jin Ryu",1.29563494080524
"Mike Montgomery","Hyun-Jin Ryu",1.05262886826746
"Hyun-Jin Ryu","Hyun-Jin Ryu",0
"Matt Boyd","Hyun-Jin Ryu",0.804518921539861
"Patrick Corbin","Hyun-Jin Ryu",1.27045455515999
"Steven Matz","Hyun-Jin Ryu",1.23552705497472
"James Paxton","Hyun-Jin Ryu",1.57723422140684
"Dallas Keuchel","Hyun-Jin Ryu",1.06196182246468
"Robbie Ray","Hyun-Jin Ryu",1.40541442104023
"Eduardo Rodriguez","Hyun-Jin Ryu",1.52198821156489
"Daniel Norris","Hyun-Jin Ryu",1.29303766258067
"Blake Snell","Hyun-Jin Ryu",1.48633075222854
"Adalberto Mejia","Hyun-Jin Ryu",1.2142788980334
"Carlos Rodon","Hyun-Jin Ryu",1.38404051508063
"Kyle Freeland","Hyun-Jin Ryu",1.55438371022016
"Sean Manaea","Hyun-Jin Ryu",1.4227903642106
"Jordan Montgomery","Hyun-Jin Ryu",1.05211835407476
"Sean Newcomb","Hyun-Jin Ryu",1.30765476250294
"Ariel Miranda","Hyun-Jin Ryu",1.41766156698045
"Jason Vargas","Hyun-Jin Ryu",0.755845213837778
"Ty Blach","Hyun-Jin Ryu",0.942567623126549
"Alex Wood","Hyun-Jin Ryu",1.22995082847913
"Hector Santiago","Hyun-Jin Ryu",1.16005706996766
"CC Sabathia","Matt Boyd",0.917947437572943
"Cole Hamels","Matt Boyd",0.679000950324917
"Francisco Liriano","Matt Boyd",0.830539666459045
"Rich Hill","Matt Boyd",2.08869593540411
"Jaime Garcia","Matt Boyd",0.855183289214693
"Jon Lester","Matt Boyd",0.952175693886638
"Clayton Richard","Matt Boyd",1.26585971412823
"David Price","Matt Boyd",0.990977078358185
"J. A. Happ","Matt Boyd",1.01977310865237
"Gio Gonzalez","Matt Boyd",0.936984114890257
"Travis Wood","Matt Boyd",1.30645684910881
"Clayton Kershaw","Matt Boyd",1.84363461368161
"Wade Miley","Matt Boyd",1.03555868216058
"Jose Quintana","Matt Boyd",1.07584158839064
"Derek Holland","Matt Boyd",0.851449344122251
"Madison Bumgarner","Matt Boyd",1.0123103195063
"Danny Duffy","Matt Boyd",0.950634043734863
"Matt Moore","Matt Boyd",0.794356954775324
"Drew Pomeranz","Matt Boyd",1.87210445401824
"Chris Sale","Matt Boyd",1.07177388830697
"Martin Perez","Matt Boyd",0.820095530203036
"Adam Conley","Matt Boyd",0.981652720058646
"Mike Montgomery","Matt Boyd",0.89856791167847
"Hyun-Jin Ryu","Matt Boyd",0.804518921539861
"Matt Boyd","Matt Boyd",0
"Patrick Corbin","Matt Boyd",1.01643147486378
"Steven Matz","Matt Boyd",0.878770680692227
"James Paxton","Matt Boyd",1.35619583023559
"Dallas Keuchel","Matt Boyd",0.89721593436309
"Robbie Ray","Matt Boyd",1.29916825956306
"Eduardo Rodriguez","Matt Boyd",1.01283508926256
"Daniel Norris","Matt Boyd",1.13288529045099
"Blake Snell","Matt Boyd",1.33992555267148
"Adalberto Mejia","Matt Boyd",0.833062257071797
"Carlos Rodon","Matt Boyd",0.958047245656116
"Kyle Freeland","Matt Boyd",1.02242858340176
"Sean Manaea","Matt Boyd",1.03696077650119
"Jordan Montgomery","Matt Boyd",1.0612590147807
"Sean Newcomb","Matt Boyd",1.24926063551125
"Ariel Miranda","Matt Boyd",1.1111461061679
"Jason Vargas","Matt Boyd",1.20997594693486
"Ty Blach","Matt Boyd",0.89850453518427
"Alex Wood","Matt Boyd",0.920595951059384
"Hector Santiago","Matt Boyd",1.00419875741187
"CC Sabathia","Patrick Corbin",0.737806471880862
"Cole Hamels","Patrick Corbin",0.923826706830079
"Francisco Liriano","Patrick Corbin",0.771360469408877
"Rich Hill","Patrick Corbin",1.69963219437284
"Jaime Garcia","Patrick Corbin",1.0468257936535
"Jon Lester","Patrick Corbin",0.938973454669278
"Clayton Richard","Patrick Corbin",1.34815113849917
"David Price","Patrick Corbin",1.04235766038261
"J. A. Happ","Patrick Corbin",1.08327929694077
"Gio Gonzalez","Patrick Corbin",1.20826456956526
"Travis Wood","Patrick Corbin",1.2488918639167
"Clayton Kershaw","Patrick Corbin",1.76921532902581
"Wade Miley","Patrick Corbin",0.868667158297222
"Jose Quintana","Patrick Corbin",0.850325511209745
"Derek Holland","Patrick Corbin",0.614291914653173
"Madison Bumgarner","Patrick Corbin",0.943598633980837
"Danny Duffy","Patrick Corbin",0.708052146911594
"Matt Moore","Patrick Corbin",1.04485611313074
"Drew Pomeranz","Patrick Corbin",1.2274295842797
"Chris Sale","Patrick Corbin",0.964666876171518
"Martin Perez","Patrick Corbin",1.04587098285975
"Adam Conley","Patrick Corbin",1.30871934437926
"Mike Montgomery","Patrick Corbin",0.759279084613279
"Hyun-Jin Ryu","Patrick Corbin",1.27045455515999
"Matt Boyd","Patrick Corbin",1.01643147486378
"Patrick Corbin","Patrick Corbin",0
"Steven Matz","Patrick Corbin",1.00714975951243
"James Paxton","Patrick Corbin",1.15529527971421
"Dallas Keuchel","Patrick Corbin",1.08826041935472
"Robbie Ray","Patrick Corbin",0.839004979946664
"Eduardo Rodriguez","Patrick Corbin",1.18139024752426
"Daniel Norris","Patrick Corbin",0.981797638924232
"Blake Snell","Patrick Corbin",1.3345187626543
"Adalberto Mejia","Patrick Corbin",0.898164450159641
"Carlos Rodon","Patrick Corbin",0.806711151152101
"Kyle Freeland","Patrick Corbin",0.991143973169391
"Sean Manaea","Patrick Corbin",1.30697550002486
"Jordan Montgomery","Patrick Corbin",0.748363180986398
"Sean Newcomb","Patrick Corbin",1.0655574755258
"Ariel Miranda","Patrick Corbin",1.32360529556398
"Jason Vargas","Patrick Corbin",1.73889749384459
"Ty Blach","Patrick Corbin",1.46376158381149
"Alex Wood","Patrick Corbin",1.02903252061779
"Hector Santiago","Patrick Corbin",1.48006084114105
"CC Sabathia","Steven Matz",1.09339906506651
"Cole Hamels","Steven Matz",0.825367508695887
"Francisco Liriano","Steven Matz",0.832383970248131
"Rich Hill","Steven Matz",2.09070063073901
"Jaime Garcia","Steven Matz",0.795734587053932
"Jon Lester","Steven Matz",1.13936362226104
"Clayton Richard","Steven Matz",1.02794929844757
"David Price","Steven Matz",0.871878616934393
"J. A. Happ","Steven Matz",1.04610958990942
"Gio Gonzalez","Steven Matz",0.797980332228449
"Travis Wood","Steven Matz",1.70206068911998
"Clayton Kershaw","Steven Matz",1.91999628614428
"Wade Miley","Steven Matz",1.22971384504826
"Jose Quintana","Steven Matz",1.1012401082089
"Derek Holland","Steven Matz",1.06239450049926
"Madison Bumgarner","Steven Matz",1.2111999532152
"Danny Duffy","Steven Matz",1.19145294630281
"Matt Moore","Steven Matz",0.880619454892818
"Drew Pomeranz","Steven Matz",1.69847639111802
"Chris Sale","Steven Matz",0.871504161902325
"Martin Perez","Steven Matz",0.594968391780734
"Adam Conley","Steven Matz",1.16808924476232
"Mike Montgomery","Steven Matz",0.457189530932795
"Hyun-Jin Ryu","Steven Matz",1.23552705497472
"Matt Boyd","Steven Matz",0.878770680692227
"Patrick Corbin","Steven Matz",1.00714975951243
"Steven Matz","Steven Matz",0
"James Paxton","Steven Matz",1.14243811658094
"Dallas Keuchel","Steven Matz",1.02490518078097
"Robbie Ray","Steven Matz",1.28814649250748
"Eduardo Rodriguez","Steven Matz",1.08856242214534
"Daniel Norris","Steven Matz",1.12934312295933
"Blake Snell","Steven Matz",1.37575072283746
"Adalberto Mejia","Steven Matz",1.08921556797691
"Carlos Rodon","Steven Matz",0.881422894597827
"Kyle Freeland","Steven Matz",0.923175501083026
"Sean Manaea","Steven Matz",1.01044707172226
"Jordan Montgomery","Steven Matz",1.28178000875917
"Sean Newcomb","Steven Matz",0.946236376704829
"Ariel Miranda","Steven Matz",1.34958116748274
"Jason Vargas","Steven Matz",1.46293943635794
"Ty Blach","Steven Matz",1.16533837470585
"Alex Wood","Steven Matz",0.846483341930113
"Hector Santiago","Steven Matz",1.39244184035099
"CC Sabathia","James Paxton",1.44666963019452
"Cole Hamels","James Paxton",1.24543133578471
"Francisco Liriano","James Paxton",1.27259702206405
"Rich Hill","James Paxton",2.0165032424724
"Jaime Garcia","James Paxton",1.41791278677525
"Jon Lester","James Paxton",1.2100635553034
"Clayton Richard","James Paxton",1.77155424826161
"David Price","James Paxton",1.07698971262736
"J. A. Happ","James Paxton",1.39699390777881
"Gio Gonzalez","James Paxton",1.502629599095
"Travis Wood","James Paxton",1.58546322420714
"Clayton Kershaw","James Paxton",1.40596899907668
"Wade Miley","James Paxton",1.11222189835044
"Jose Quintana","James Paxton",1.04860411169884
"Derek Holland","James Paxton",1.25777836080334
"Madison Bumgarner","James Paxton",1.20286094263015
"Danny Duffy","James Paxton",1.13237212227226
"Matt Moore","James Paxton",1.0983269338203
"Drew Pomeranz","James Paxton",1.35302224197401
"Chris Sale","James Paxton",1.29939429801228
"Martin Perez","James Paxton",1.2602677704849
"Adam Conley","James Paxton",1.67688308874266
"Mike Montgomery","James Paxton",1.06093639027299
"Hyun-Jin Ryu","James Paxton",1.57723422140684
"Matt Boyd","James Paxton",1.35619583023559
"Patrick Corbin","James Paxton",1.15529527971421
"Steven Matz","James Paxton",1.14243811658094
"James Paxton","James Paxton",0
"Dallas Keuchel","James Paxton",1.56315512401837
"Robbie Ray","James Paxton",0.620996868110694
"Eduardo Rodriguez","James Paxton",1.39131046506947
"Daniel Norris","James Paxton",1.01505424310682
"Blake Snell","James Paxton",1.1826603479125
"Adalberto Mejia","James Paxton",1.20854152338552
"Carlos Rodon","James Paxton",1.10848789703918
"Kyle Freeland","James Paxton",1.38851855230608
"Sean Manaea","James Paxton",1.70332776694814
"Jordan Montgomery","James Paxton",1.10505074703143
"Sean Newcomb","James Paxton",0.810572898006401
"Ariel Miranda","James Paxton",1.37922278666069
"Jason Vargas","James Paxton",2.06917684042594
"Ty Blach","James Paxton",1.72477154321968
"Alex Wood","James Paxton",1.24275011471591
"Hector Santiago","James Paxton",1.59083700554742
"CC Sabathia","Dallas Keuchel",0.825511898383971
"Cole Hamels","Dallas Keuchel",1.01665878512113
"Francisco Liriano","Dallas Keuchel",1.03872346187988
"Rich Hill","Dallas Keuchel",2.01330044994408
"Jaime Garcia","Dallas Keuchel",0.801885593629718
"Jon Lester","Dallas Keuchel",1.01704169811118
"Clayton Richard","Dallas Keuchel",1.13086524685564
"David Price","Dallas Keuchel",1.28840592277867
"J. A. Happ","Dallas Keuchel",1.26737050931753
"Gio Gonzalez","Dallas Keuchel",1.1061019462095
"Travis Wood","Dallas Keuchel",1.24852971865334
"Clayton Kershaw","Dallas Keuchel",1.81723037185623
"Wade Miley","Dallas Keuchel",1.21869419208722
"Jose Quintana","Dallas Keuchel",1.16588403362256
"Derek Holland","Dallas Keuchel",1.03918834514457
"Madison Bumgarner","Dallas Keuchel",0.979034815600099
"Danny Duffy","Dallas Keuchel",1.15735148043493
"Matt Moore","Dallas Keuchel",1.18421521772467
"Drew Pomeranz","Dallas Keuchel",1.81137563476634
"Chris Sale","Dallas Keuchel",1.20013416358836
"Martin Perez","Dallas Keuchel",1.10713290759046
"Adam Conley","Dallas Keuchel",1.31172281272576
"Mike Montgomery","Dallas Keuchel",0.957508296493971
"Hyun-Jin Ryu","Dallas Keuchel",1.06196182246468
"Matt Boyd","Dallas Keuchel",0.89721593436309
"Patrick Corbin","Dallas Keuchel",1.08826041935472
"Steven Matz","Dallas Keuchel",1.02490518078097
"James Paxton","Dallas Keuchel",1.56315512401837
"Dallas Keuchel","Dallas Keuchel",0
"Robbie Ray","Dallas Keuchel",1.4396718481635
"Eduardo Rodriguez","Dallas Keuchel",1.44812427728194
"Daniel Norris","Dallas Keuchel",1.28426664937088
"Blake Snell","Dallas Keuchel",1.53916834071947
"Adalberto Mejia","Dallas Keuchel",1.23640960965156
"Carlos Rodon","Dallas Keuchel",1.12475947837046
"Kyle Freeland","Dallas Keuchel",1.13302306914364
"Sean Manaea","Dallas Keuchel",1.19792197787176
"Jordan Montgomery","Dallas Keuchel",1.23878058028571
"Sean Newcomb","Dallas Keuchel",1.43481259691182
"Ariel Miranda","Dallas Keuchel",1.61906493202652
"Jason Vargas","Dallas Keuchel",1.1230801760401
"Ty Blach","Dallas Keuchel",1.30337580182745
"Alex Wood","Dallas Keuchel",1.24618565808346
"Hector Santiago","Dallas Keuchel",1.51011612404078
"CC Sabathia","Robbie Ray",1.29784781694218
"Cole Hamels","Robbie Ray",1.19579239653739
"Francisco Liriano","Robbie Ray",1.11694098886195
"Rich Hill","Robbie Ray",1.78783405825757
"Jaime Garcia","Robbie Ray",1.38288963784934
"Jon Lester","Robbie Ray",0.987178115169612
"Clayton Richard","Robbie Ray",1.58145521700905
"David Price","Robbie Ray",1.13392188602084
"J. A. Happ","Robbie Ray",1.31924294781279
"Gio Gonzalez","Robbie Ray",1.54137694914233
"Travis Wood","Robbie Ray",1.3982916568686
"Clayton Kershaw","Robbie Ray",1.3616341024198
"Wade Miley","Robbie Ray",0.970179162255449
"Jose Quintana","Robbie Ray",1.01081882230773
"Derek Holland","Robbie Ray",0.906245029497682
"Madison Bumgarner","Robbie Ray",0.966740779394088
"Danny Duffy","Robbie Ray",0.968243089680062
"Matt Moore","Robbie Ray",1.05976507559494
"Drew Pomeranz","Robbie Ray",1.09567755555039
"Chris Sale","Robbie Ray",1.35888560038223
"Martin Perez","Robbie Ray",1.29386866988201
"Adam Conley","Robbie Ray",1.49610668720248
"Mike Montgomery","Robbie Ray",1.0523834957901
"Hyun-Jin Ryu","Robbie Ray",1.40541442104023
"Matt Boyd","Robbie Ray",1.29916825956306
"Patrick Corbin","Robbie Ray",0.839004979946664
"Steven Matz","Robbie Ray",1.28814649250748
"James Paxton","Robbie Ray",0.620996868110694
"Dallas Keuchel","Robbie Ray",1.4396718481635
"Robbie Ray","Robbie Ray",0
"Eduardo Rodriguez","Robbie Ray",1.2816992967045
"Daniel Norris","Robbie Ray",0.897229363586821
"Blake Snell","Robbie Ray",1.21048417265781
"Adalberto Mejia","Robbie Ray",1.08951666445919
"Carlos Rodon","Robbie Ray",1.04351535148933
"Kyle Freeland","Robbie Ray",1.26047442055319
"Sean Manaea","Robbie Ray",1.56274361326497
"Jordan Montgomery","Robbie Ray",0.803586833892465
"Sean Newcomb","Robbie Ray",0.855044881160091
"Ariel Miranda","Robbie Ray",1.29297296333985
"Jason Vargas","Robbie Ray",1.93369693995509
"Ty Blach","Robbie Ray",1.63088370723873
"Alex Wood","Robbie Ray",1.17159996316414
"Hector Santiago","Robbie Ray",1.54150666382471
"CC Sabathia","Eduardo Rodriguez",1.29551101956296
"Cole Hamels","Eduardo Rodriguez",0.80589890823131
"Francisco Liriano","Eduardo Rodriguez",0.733287425925206
"Rich Hill","Eduardo Rodriguez",2.6001689702151
"Jaime Garcia","Eduardo Rodriguez",1.03671577493395
"Jon Lester","Eduardo Rodriguez",1.03404205465295
"Clayton Richard","Eduardo Rodriguez",1.31138447634592
"David Price","Eduardo Rodriguez",0.707256920633659
"J. A. Happ","Eduardo Rodriguez",0.551431224123276
"Gio Gonzalez","Eduardo Rodriguez",1.45676364322271
"Travis Wood","Eduardo Rodriguez",1.29287946825703
"Clayton Kershaw","Eduardo Rodriguez",1.9804431887359
"Wade Miley","Eduardo Rodriguez",1.17443273753602
"Jose Quintana","Eduardo Rodriguez",1.34237255020751
"Derek Holland","Eduardo Rodriguez",1.13371543603492
"Madison Bumgarner","Eduardo Rodriguez",1.13789392555097
"Danny Duffy","Eduardo Rodriguez",1.06613328139374
"Matt Moore","Eduardo Rodriguez",0.854091650388062
"Drew Pomeranz","Eduardo Rodriguez",2.07072821397097
"Chris Sale","Eduardo Rodriguez",1.37899866384658
"Martin Perez","Eduardo Rodriguez",0.749223875137956
"Adam Conley","Eduardo Rodriguez",0.797433867737715
"Mike Montgomery","Eduardo Rodriguez",1.26592127009206
"Hyun-Jin Ryu","Eduardo Rodriguez",1.52198821156489
"Matt Boyd","Eduardo Rodriguez",1.01283508926256
"Patrick Corbin","Eduardo Rodriguez",1.18139024752426
"Steven Matz","Eduardo Rodriguez",1.08856242214534
"James Paxton","Eduardo Rodriguez",1.39131046506947
"Dallas Keuchel","Eduardo Rodriguez",1.44812427728194
"Robbie Ray","Eduardo Rodriguez",1.2816992967045
"Eduardo Rodriguez","Eduardo Rodriguez",0
"Daniel Norris","Eduardo Rodriguez",1.01856132163092
"Blake Snell","Eduardo Rodriguez",1.18142774834607
"Adalberto Mejia","Eduardo Rodriguez",0.738489363040967
"Carlos Rodon","Eduardo Rodriguez",0.711287754944299
"Kyle Freeland","Eduardo Rodriguez",0.750830988023587
"Sean Manaea","Eduardo Rodriguez",1.05051903267902
"Jordan Montgomery","Eduardo Rodriguez",1.31294925472689
"Sean Newcomb","Eduardo Rodriguez",1.34068322141034
"Ariel Miranda","Eduardo Rodriguez",1.01323011929046
"Jason Vargas","Eduardo Rodriguez",1.94085471669865
"Ty Blach","Eduardo Rodriguez",1.14239506931602
"Alex Wood","Eduardo Rodriguez",0.798764405968364
"Hector Santiago","Eduardo Rodriguez",0.949275472455719
"CC Sabathia","Daniel Norris",1.16710070722644
"Cole Hamels","Daniel Norris",0.954564430037479
"Francisco Liriano","Daniel Norris",0.876897614343968
"Rich Hill","Daniel Norris",2.09709319958382
"Jaime Garcia","Daniel Norris",1.05104036334415
"Jon Lester","Daniel Norris",0.814107355503816
"Clayton Richard","Daniel Norris",1.51551601326725
"David Price","Daniel Norris",0.874542593359769
"J. A. Happ","Daniel Norris",1.03035965164392
"Gio Gonzalez","Daniel Norris",1.33813134585741
"Travis Wood","Daniel Norris",1.17603165276985
"Clayton Kershaw","Daniel Norris",1.4899213223497
"Wade Miley","Daniel Norris",0.708128982747746
"Jose Quintana","Daniel Norris",1.032771903676
"Derek Holland","Daniel Norris",1.1548468538094
"Madison Bumgarner","Daniel Norris",0.975415555772455
"Danny Duffy","Daniel Norris",0.874441403667384
"Matt Moore","Daniel Norris",1.00933018095752
"Drew Pomeranz","Daniel Norris",1.37846652901001
"Chris Sale","Daniel Norris",1.26786316610057
"Martin Perez","Daniel Norris",1.08687694276611
"Adam Conley","Daniel Norris",1.40556882321895
"Mike Montgomery","Daniel Norris",1.01446895719952
"Hyun-Jin Ryu","Daniel Norris",1.29303766258067
"Matt Boyd","Daniel Norris",1.13288529045099
"Patrick Corbin","Daniel Norris",0.981797638924232
"Steven Matz","Daniel Norris",1.12934312295933
"James Paxton","Daniel Norris",1.01505424310682
"Dallas Keuchel","Daniel Norris",1.28426664937088
"Robbie Ray","Daniel Norris",0.897229363586821
"Eduardo Rodriguez","Daniel Norris",1.01856132163092
"Daniel Norris","Daniel Norris",0
"Blake Snell","Daniel Norris",0.943625005971231
"Adalberto Mejia","Daniel Norris",0.972221304792744
"Carlos Rodon","Daniel Norris",0.712550989153474
"Kyle Freeland","Daniel Norris",1.09705625463641
"Sean Manaea","Daniel Norris",1.35372542006836
"Jordan Montgomery","Daniel Norris",1.08803044838062
"Sean Newcomb","Daniel Norris",0.836575911314886
"Ariel Miranda","Daniel Norris",1.3356595993193
"Jason Vargas","Daniel Norris",1.83343801583963
"Ty Blach","Daniel Norris",1.45949296469835
"Alex Wood","Daniel Norris",1.0974433339025
"Hector Santiago","Daniel Norris",1.4046399419913
"CC Sabathia","Blake Snell",1.3354382127308
"Cole Hamels","Blake Snell",1.15200029654771
"Francisco Liriano","Blake Snell",1.2569923324811
"Rich Hill","Blake Snell",2.21755033326614
"Jaime Garcia","Blake Snell",1.20368341876407
"Jon Lester","Blake Snell",1.11264157732596
"Clayton Richard","Blake Snell",1.89074957127556
"David Price","Blake Snell",1.12122485110581
"J. A. Happ","Blake Snell",1.08262228386718
"Gio Gonzalez","Blake Snell",1.48810155124397
"Travis Wood","Blake Snell",1.00116147441395
"Clayton Kershaw","Blake Snell",1.27776594237176
"Wade Miley","Blake Snell",0.836434635807072
"Jose Quintana","Blake Snell",1.03963258084612
"Derek Holland","Blake Snell",1.37898017795168
"Madison Bumgarner","Blake Snell",1.13032083040123
"Danny Duffy","Blake Snell",0.897195287318923
"Matt Moore","Blake Snell",1.15880161787985
"Drew Pomeranz","Blake Snell",1.627398524597
"Chris Sale","Blake Snell",1.74937316622527
"Martin Perez","Blake Snell",1.15500263485639
"Adam Conley","Blake Snell",1.51160203615032
"Mike Montgomery","Blake Snell",1.4375897506592
"Hyun-Jin Ryu","Blake Snell",1.48633075222854
"Matt Boyd","Blake Snell",1.33992555267148
"Patrick Corbin","Blake Snell",1.3345187626543
"Steven Matz","Blake Snell",1.37575072283746
"James Paxton","Blake Snell",1.1826603479125
"Dallas Keuchel","Blake Snell",1.53916834071947
"Robbie Ray","Blake Snell",1.21048417265781
"Eduardo Rodriguez","Blake Snell",1.18142774834607
"Daniel Norris","Blake Snell",0.943625005971231
"Blake Snell","Blake Snell",0
"Adalberto Mejia","Blake Snell",0.925406448426167
"Carlos Rodon","Blake Snell",0.984875248997581
"Kyle Freeland","Blake Snell",1.34859590454889
"Sean Manaea","Blake Snell",1.70125195081512
"Jordan Montgomery","Blake Snell",0.985528284255987
"Sean Newcomb","Blake Snell",1.07167936206034
"Ariel Miranda","Blake Snell",1.2380556939021
"Jason Vargas","Blake Snell",1.89396354937969
"Ty Blach","Blake Snell",1.5169035702607
"Alex Wood","Blake Snell",1.27336496496274
"Hector Santiago","Blake Snell",1.22519252494273
"CC Sabathia","Adalberto Mejia",0.951426818398095
"Cole Hamels","Adalberto Mejia",0.834702678242518
"Francisco Liriano","Adalberto Mejia",0.667820897592493
"Rich Hill","Adalberto Mejia",2.18058195479777
"Jaime Garcia","Adalberto Mejia",1.0269175894301
"Jon Lester","Adalberto Mejia",0.998901510756418
"Clayton Richard","Adalberto Mejia",1.45222986284665
"David Price","Adalberto Mejia",0.787529673200918
"J. A. Happ","Adalberto Mejia",0.749961989894522
"Gio Gonzalez","Adalberto Mejia",1.13122199626246
"Travis Wood","Adalberto Mejia",1.05766043382354
"Clayton Kershaw","Adalberto Mejia",1.80127472387218
"Wade Miley","Adalberto Mejia",0.746539279178106
"Jose Quintana","Adalberto Mejia",0.924371385229036
"Derek Holland","Adalberto Mejia",0.908392905468822
"Madison Bumgarner","Adalberto Mejia",1.0212787451273
"Danny Duffy","Adalberto Mejia",0.658339753437197
"Matt Moore","Adalberto Mejia",0.725946224637709
"Drew Pomeranz","Adalberto Mejia",1.76238697406436
"Chris Sale","Adalberto Mejia",1.29170573946801
"Martin Perez","Adalberto Mejia",0.839359049519488
"Adam Conley","Adalberto Mejia",0.841136721754412
"Mike Montgomery","Adalberto Mejia",1.13388736831355
"Hyun-Jin Ryu","Adalberto Mejia",1.2142788980334
"Matt Boyd","Adalberto Mejia",0.833062257071797
"Patrick Corbin","Adalberto Mejia",0.898164450159641
"Steven Matz","Adalberto Mejia",1.08921556797691
"James Paxton","Adalberto Mejia",1.20854152338552
"Dallas Keuchel","Adalberto Mejia",1.23640960965156
"Robbie Ray","Adalberto Mejia",1.08951666445919
"Eduardo Rodriguez","Adalberto Mejia",0.738489363040967
"Daniel Norris","Adalberto Mejia",0.972221304792744
"Blake Snell","Adalberto Mejia",0.925406448426167
"Adalberto Mejia","Adalberto Mejia",0
"Carlos Rodon","Adalberto Mejia",0.601721675795937
"Kyle Freeland","Adalberto Mejia",0.85092078197321
"Sean Manaea","Adalberto Mejia",1.26518450330032
"Jordan Montgomery","Adalberto Mejia",0.834799668960407
"Sean Newcomb","Adalberto Mejia",0.986236805287957
"Ariel Miranda","Adalberto Mejia",0.704531573337422
"Jason Vargas","Adalberto Mejia",1.67190925312599
"Ty Blach","Adalberto Mejia",1.13553297257838
"Alex Wood","Adalberto Mejia",0.712456871527933
"Hector Santiago","Adalberto Mejia",0.911690820908763
"CC Sabathia","Carlos Rodon",0.902666852504673
"Cole Hamels","Carlos Rodon",0.902271088448095
"Francisco Liriano","Carlos Rodon",0.657538583614496
"Rich Hill","Carlos Rodon",2.24973057570925
"Jaime Garcia","Carlos Rodon",0.881692097162156
"Jon Lester","Carlos Rodon",0.945862618747162
"Clayton Richard","Carlos Rodon",1.3281433104853
"David Price","Carlos Rodon",0.700606255665936
"J. A. Happ","Carlos Rodon",0.824227756055103
"Gio Gonzalez","Carlos Rodon",1.1860752037817
"Travis Wood","Carlos Rodon",1.14167234161141
"Clayton Kershaw","Carlos Rodon",1.78331051735045
"Wade Miley","Carlos Rodon",0.932630803149445
"Jose Quintana","Carlos Rodon",0.916231360667327
"Derek Holland","Carlos Rodon",0.998274085348711
"Madison Bumgarner","Carlos Rodon",0.975049754937886
"Danny Duffy","Carlos Rodon",0.703257456849051
"Matt Moore","Carlos Rodon",0.856226550560769
"Drew Pomeranz","Carlos Rodon",1.69248525468691
"Chris Sale","Carlos Rodon",1.19583701035584
"Martin Perez","Carlos Rodon",0.834173668975137
"Adam Conley","Carlos Rodon",1.12873479743095
"Mike Montgomery","Carlos Rodon",0.958159403055808
"Hyun-Jin Ryu","Carlos Rodon",1.38404051508063
"Matt Boyd","Carlos Rodon",0.958047245656116
"Patrick Corbin","Carlos Rodon",0.806711151152101
"Steven Matz","Carlos Rodon",0.881422894597827
"James Paxton","Carlos Rodon",1.10848789703918
"Dallas Keuchel","Carlos Rodon",1.12475947837046
"Robbie Ray","Carlos Rodon",1.04351535148933
"Eduardo Rodriguez","Carlos Rodon",0.711287754944299
"Daniel Norris","Carlos Rodon",0.712550989153474
"Blake Snell","Carlos Rodon",0.984875248997581
"Adalberto Mejia","Carlos Rodon",0.601721675795937
"Carlos Rodon","Carlos Rodon",0
"Kyle Freeland","Carlos Rodon",0.764280838825885
"Sean Manaea","Carlos Rodon",1.22716700297983
"Jordan Montgomery","Carlos Rodon",1.05284818357899
"Sean Newcomb","Carlos Rodon",0.932645464141931
"Ariel Miranda","Carlos Rodon",1.10533839427064
"Jason Vargas","Carlos Rodon",1.80659331163224
"Ty Blach","Carlos Rodon",1.38500805687257
"Alex Wood","Carlos Rodon",0.764991483009361
"Hector Santiago","Carlos Rodon",1.27980794606028
"CC Sabathia","Kyle Freeland",1.10880757137658
"Cole Hamels","Kyle Freeland",0.856744513327973
"Francisco Liriano","Kyle Freeland",0.499402712437469
"Rich Hill","Kyle Freeland",2.48844316066376
"Jaime Garcia","Kyle Freeland",0.885528531329303
"Jon Lester","Kyle Freeland",1.04938809925214
"Clayton Richard","Kyle Freeland",0.995112307971049
"David Price","Kyle Freeland",0.736107031770484
"J. A. Happ","Kyle Freeland",0.69864428206654
"Gio Gonzalez","Kyle Freeland",1.34669173188644
"Travis Wood","Kyle Freeland",1.33225024303381
"Clayton Kershaw","Kyle Freeland",1.99874975722807
"Wade Miley","Kyle Freeland",1.14661747993116
"Jose Quintana","Kyle Freeland",1.27871555347378
"Derek Holland","Kyle Freeland",0.985699240336448
"Madison Bumgarner","Kyle Freeland",1.15874122813991
"Danny Duffy","Kyle Freeland",1.14799757166143
"Matt Moore","Kyle Freeland",1.07329766211978
"Drew Pomeranz","Kyle Freeland",1.98354471730112
"Chris Sale","Kyle Freeland",1.23757872697568
"Martin Perez","Kyle Freeland",0.760049298260314
"Adam Conley","Kyle Freeland",0.927582046697827
"Mike Montgomery","Kyle Freeland",1.08049175198618
"Hyun-Jin Ryu","Kyle Freeland",1.55438371022016
"Matt Boyd","Kyle Freeland",1.02242858340176
"Patrick Corbin","Kyle Freeland",0.991143973169391
"Steven Matz","Kyle Freeland",0.923175501083026
"James Paxton","Kyle Freeland",1.38851855230608
"Dallas Keuchel","Kyle Freeland",1.13302306914364
"Robbie Ray","Kyle Freeland",1.26047442055319
"Eduardo Rodriguez","Kyle Freeland",0.750830988023587
"Daniel Norris","Kyle Freeland",1.09705625463641
"Blake Snell","Kyle Freeland",1.34859590454889
"Adalberto Mejia","Kyle Freeland",0.85092078197321
"Carlos Rodon","Kyle Freeland",0.764280838825885
"Kyle Freeland","Kyle Freeland",0
"Sean Manaea","Kyle Freeland",0.975891569368115
"Jordan Montgomery","Kyle Freeland",1.32069622709038
"Sean Newcomb","Kyle Freeland",1.40214102158516
"Ariel Miranda","Kyle Freeland",1.18409539232504
"Jason Vargas","Kyle Freeland",1.86268694348573
"Ty Blach","Kyle Freeland",1.35333569850677
"Alex Wood","Kyle Freeland",0.879966265417776
"Hector Santiago","Kyle Freeland",1.39444057463969
"CC Sabathia","Sean Manaea",1.3910986789522
"Cole Hamels","Sean Manaea",0.891919121159131
"Francisco Liriano","Sean Manaea",0.978298548527161
"Rich Hill","Sean Manaea",2.66409558876845
"Jaime Garcia","Sean Manaea",1.02305868298601
"Jon Lester","Sean Manaea",1.34809423253404
"Clayton Richard","Sean Manaea",0.702054546163245
"David Price","Sean Manaea",1.14596921198062
"J. A. Happ","Sean Manaea",1.04950403756187
"Gio Gonzalez","Sean Manaea",1.39475700729574
"Travis Wood","Sean Manaea",1.73584992852176
"Clayton Kershaw","Sean Manaea",2.20697534822407
"Wade Miley","Sean Manaea",1.53585201504506
"Jose Quintana","Sean Manaea",1.65311260782442
"Derek Holland","Sean Manaea",1.24865392718751
"Madison Bumgarner","Sean Manaea",1.3954295445398
"Danny Duffy","Sean Manaea",1.38895539366138
"Matt Moore","Sean Manaea",1.03450954249162
"Drew Pomeranz","Sean Manaea",2.22253569309196
"Chris Sale","Sean Manaea",1.32301666818466
"Martin Perez","Sean Manaea",0.811627620059902
"Adam Conley","Sean Manaea",0.90830278284125
"Mike Montgomery","Sean Manaea",1.15524100957515
"Hyun-Jin Ryu","Sean Manaea",1.4227903642106
"Matt Boyd","Sean Manaea",1.03696077650119
"Patrick Corbin","Sean Manaea",1.30697550002486
"Steven Matz","Sean Manaea",1.01044707172226
"James Paxton","Sean Manaea",1.70332776694814
"Dallas Keuchel","Sean Manaea",1.19792197787176
"Robbie Ray","Sean Manaea",1.56274361326497
"Eduardo Rodriguez","Sean Manaea",1.05051903267902
"Daniel Norris","Sean Manaea",1.35372542006836
"Blake Snell","Sean Manaea",1.70125195081512
"Adalberto Mejia","Sean Manaea",1.26518450330032
"Carlos Rodon","Sean Manaea",1.22716700297983
"Kyle Freeland","Sean Manaea",0.975891569368115
"Sean Manaea","Sean Manaea",0
"Jordan Montgomery","Sean Manaea",1.45919989745233
"Sean Newcomb","Sean Manaea",1.72042051167694
"Ariel Miranda","Sean Manaea",1.42346538893534
"Jason Vargas","Sean Manaea",1.60884101942695
"Ty Blach","Sean Manaea",0.915152597080134
"Alex Wood","Sean Manaea",0.938024472422575
"Hector Santiago","Sean Manaea",1.30481016251005
"CC Sabathia","Jordan Montgomery",0.983549358002589
"Cole Hamels","Jordan Montgomery",1.00548391114069
"Francisco Liriano","Jordan Montgomery",1.07912564964282
"Rich Hill","Jordan Montgomery",1.66690529977949
"Jaime Garcia","Jordan Montgomery",1.20922566373654
"Jon Lester","Jordan Montgomery",0.951308186933353
"Clayton Richard","Jordan Montgomery",1.58149506314086
"David Price","Jordan Montgomery",1.23552614464666
"J. A. Happ","Jordan Montgomery",1.25347788139261
"Gio Gonzalez","Jordan Montgomery",1.21391109096633
"Travis Wood","Jordan Montgomery",1.06456842521962
"Clayton Kershaw","Jordan Montgomery",1.46413449638841
"Wade Miley","Jordan Montgomery",0.680154402045579
"Jose Quintana","Jordan Montgomery",0.864916443071709
"Derek Holland","Jordan Montgomery",0.781404658573217
"Madison Bumgarner","Jordan Montgomery",0.914789792741663
"Danny Duffy","Jordan Montgomery",0.677542433286373
"Matt Moore","Jordan Montgomery",0.930408142703346
"Drew Pomeranz","Jordan Montgomery",1.25894548655985
"Chris Sale","Jordan Montgomery",1.3655091003366
"Martin Perez","Jordan Montgomery",1.20755297977492
"Adam Conley","Jordan Montgomery",1.28966582590064
"Mike Montgomery","Jordan Montgomery",1.06441544907935
"Hyun-Jin Ryu","Jordan Montgomery",1.05211835407476
"Matt Boyd","Jordan Montgomery",1.0612590147807
"Patrick Corbin","Jordan Montgomery",0.748363180986398
"Steven Matz","Jordan Montgomery",1.28178000875917
"James Paxton","Jordan Montgomery",1.10505074703143
"Dallas Keuchel","Jordan Montgomery",1.23878058028571
"Robbie Ray","Jordan Montgomery",0.803586833892465
"Eduardo Rodriguez","Jordan Montgomery",1.31294925472689
"Daniel Norris","Jordan Montgomery",1.08803044838062
"Blake Snell","Jordan Montgomery",0.985528284255987
"Adalberto Mejia","Jordan Montgomery",0.834799668960407
"Carlos Rodon","Jordan Montgomery",1.05284818357899
"Kyle Freeland","Jordan Montgomery",1.32069622709038
"Sean Manaea","Jordan Montgomery",1.45919989745233
"Jordan Montgomery","Jordan Montgomery",0
"Sean Newcomb","Jordan Montgomery",1.06086580126535
"Ariel Miranda","Jordan Montgomery",1.0204082118694
"Jason Vargas","Jordan Montgomery",1.5890463255804
"Ty Blach","Jordan Montgomery",1.31777007766114
"Alex Wood","Jordan Montgomery",1.04922780677235
"Hector Santiago","Jordan Montgomery",1.1549898792423
"CC Sabathia","Sean Newcomb",1.21342419644323
"Cole Hamels","Sean Newcomb",1.22283518604584
"Francisco Liriano","Sean Newcomb",1.28871883671342
"Rich Hill","Sean Newcomb",1.71563023427983
"Jaime Garcia","Sean Newcomb",1.27015591697034
"Jon Lester","Sean Newcomb",1.10087897421397
"Clayton Richard","Sean Newcomb",1.80230660478141
"David Price","Sean Newcomb",1.10346356841967
"J. A. Happ","Sean Newcomb",1.264255747274
"Gio Gonzalez","Sean Newcomb",0.977661292550048
"Travis Wood","Sean Newcomb",1.46983701710568
"Clayton Kershaw","Sean Newcomb",1.41909216521814
"Wade Miley","Sean Newcomb",0.959858086125396
"Jose Quintana","Sean Newcomb",0.718599644892722
"Derek Holland","Sean Newcomb",1.19507280024612
"Madison Bumgarner","Sean Newcomb",1.14912690296932
"Danny Duffy","Sean Newcomb",0.942459500210377
"Matt Moore","Sean Newcomb",1.05828858824438
"Drew Pomeranz","Sean Newcomb",1.08815845412095
"Chris Sale","Sean Newcomb",1.2737426544444
"Martin Perez","Sean Newcomb",1.24292644964601
"Adam Conley","Sean Newcomb",1.62444071702807
"Mike Montgomery","Sean Newcomb",0.856865012329371
"Hyun-Jin Ryu","Sean Newcomb",1.30765476250294
"Matt Boyd","Sean Newcomb",1.24926063551125
"Patrick Corbin","Sean Newcomb",1.0655574755258
"Steven Matz","Sean Newcomb",0.946236376704829
"James Paxton","Sean Newcomb",0.810572898006401
"Dallas Keuchel","Sean Newcomb",1.43481259691182
"Robbie Ray","Sean Newcomb",0.855044881160091
"Eduardo Rodriguez","Sean Newcomb",1.34068322141034
"Daniel Norris","Sean Newcomb",0.836575911314886
"Blake Snell","Sean Newcomb",1.07167936206034
"Adalberto Mejia","Sean Newcomb",0.986236805287957
"Carlos Rodon","Sean Newcomb",0.932645464141931
"Kyle Freeland","Sean Newcomb",1.40214102158516
"Sean Manaea","Sean Newcomb",1.72042051167694
"Jordan Montgomery","Sean Newcomb",1.06086580126535
"Sean Newcomb","Sean Newcomb",0
"Ariel Miranda","Sean Newcomb",1.27209308229751
"Jason Vargas","Sean Newcomb",1.7069804469269
"Ty Blach","Sean Newcomb",1.59331094098384
"Alex Wood","Sean Newcomb",1.17775972813879
"Hector Santiago","Sean Newcomb",1.46289564124863
"CC Sabathia","Ariel Miranda",1.42748090930911
"Cole Hamels","Ariel Miranda",1.1363244413837
"Francisco Liriano","Ariel Miranda",1.13662463772826
"Rich Hill","Ariel Miranda",2.27473563697157
"Jaime Garcia","Ariel Miranda",1.45856627055207
"Jon Lester","Ariel Miranda",1.27257305244272
"Clayton Richard","Ariel Miranda",1.66183837740192
"David Price","Ariel Miranda",1.059839286651
"J. A. Happ","Ariel Miranda",1.07693622581942
"Gio Gonzalez","Ariel Miranda",1.40180088549358
"Travis Wood","Ariel Miranda",1.35433929289865
"Clayton Kershaw","Ariel Miranda",1.90565053017743
"Wade Miley","Ariel Miranda",1.04785122900215
"Jose Quintana","Ariel Miranda",1.28740913893023
"Derek Holland","Ariel Miranda",1.1020000028897
"Madison Bumgarner","Ariel Miranda",1.29943209458675
"Danny Duffy","Ariel Miranda",1.12602370891765
"Matt Moore","Ariel Miranda",0.763142452875237
"Drew Pomeranz","Ariel Miranda",1.98848726868411
"Chris Sale","Ariel Miranda",1.66587705970994
"Martin Perez","Ariel Miranda",1.15445623324373
"Adam Conley","Ariel Miranda",0.849117895822422
"Mike Montgomery","Ariel Miranda",1.40496216150069
"Hyun-Jin Ryu","Ariel Miranda",1.41766156698045
"Matt Boyd","Ariel Miranda",1.1111461061679
"Patrick Corbin","Ariel Miranda",1.32360529556398
"Steven Matz","Ariel Miranda",1.34958116748274
"James Paxton","Ariel Miranda",1.37922278666069
"Dallas Keuchel","Ariel Miranda",1.61906493202652
"Robbie Ray","Ariel Miranda",1.29297296333985
"Eduardo Rodriguez","Ariel Miranda",1.01323011929046
"Daniel Norris","Ariel Miranda",1.3356595993193
"Blake Snell","Ariel Miranda",1.2380556939021
"Adalberto Mejia","Ariel Miranda",0.704531573337422
"Carlos Rodon","Ariel Miranda",1.10533839427064
"Kyle Freeland","Ariel Miranda",1.18409539232504
"Sean Manaea","Ariel Miranda",1.42346538893534
"Jordan Montgomery","Ariel Miranda",1.0204082118694
"Sean Newcomb","Ariel Miranda",1.27209308229751
"Ariel Miranda","Ariel Miranda",0
"Jason Vargas","Ariel Miranda",1.80087429117964
"Ty Blach","Ariel Miranda",1.11246698650163
"Alex Wood","Ariel Miranda",0.91702273432293
"Hector Santiago","Ariel Miranda",0.749320244903624
"CC Sabathia","Jason Vargas",1.5305621518309
"Cole Hamels","Jason Vargas",1.39270877175596
"Francisco Liriano","Jason Vargas",1.78064193176822
"Rich Hill","Jason Vargas",1.9833109049062
"Jaime Garcia","Jason Vargas",1.30004858967856
"Jon Lester","Jason Vargas",1.53014653655966
"Clayton Richard","Jason Vargas",1.63418439591148
"David Price","Jason Vargas",1.93949123825003
"J. A. Happ","Jason Vargas",1.75813177629514
"Gio Gonzalez","Jason Vargas",1.01573081574894
"Travis Wood","Jason Vargas",1.73491598435519
"Clayton Kershaw","Jason Vargas",1.96958662763515
"Wade Miley","Jason Vargas",1.59122880155036
"Jose Quintana","Jason Vargas",1.68710933715029
"Derek Holland","Jason Vargas",1.51752172727402
"Madison Bumgarner","Jason Vargas",1.51772939822641
"Danny Duffy","Jason Vargas",1.64840872377644
"Matt Moore","Jason Vargas",1.46970727071998
"Drew Pomeranz","Jason Vargas",2.06317181288933
"Chris Sale","Jason Vargas",1.86369021154407
"Martin Perez","Jason Vargas",1.57717210114949
"Adam Conley","Jason Vargas",1.49171564717144
"Mike Montgomery","Jason Vargas",1.40205772656916
"Hyun-Jin Ryu","Jason Vargas",0.755845213837778
"Matt Boyd","Jason Vargas",1.20997594693486
"Patrick Corbin","Jason Vargas",1.73889749384459
"Steven Matz","Jason Vargas",1.46293943635794
"James Paxton","Jason Vargas",2.06917684042594
"Dallas Keuchel","Jason Vargas",1.1230801760401
"Robbie Ray","Jason Vargas",1.93369693995509
"Eduardo Rodriguez","Jason Vargas",1.94085471669865
"Daniel Norris","Jason Vargas",1.83343801583963
"Blake Snell","Jason Vargas",1.89396354937969
"Adalberto Mejia","Jason Vargas",1.67190925312599
"Carlos Rodon","Jason Vargas",1.80659331163224
"Kyle Freeland","Jason Vargas",1.86268694348573
"Sean Manaea","Jason Vargas",1.60884101942695
"Jordan Montgomery","Jason Vargas",1.5890463255804
"Sean Newcomb","Jason Vargas",1.7069804469269
"Ariel Miranda","Jason Vargas",1.80087429117964
"Jason Vargas","Jason Vargas",0
"Ty Blach","Jason Vargas",1.15720661676042
"Alex Wood","Jason Vargas",1.6050106728524
"Hector Santiago","Jason Vargas",1.50178378011009
"CC Sabathia","Ty Blach",1.4631838195823
"Cole Hamels","Ty Blach",0.85073019754393
"Francisco Liriano","Ty Blach",1.27431780948704
"Rich Hill","Ty Blach",2.3630316623386
"Jaime Garcia","Ty Blach",1.14930426398922
"Jon Lester","Ty Blach",1.27629725271966
"Clayton Richard","Ty Blach",1.25179031769913
"David Price","Ty Blach",1.24846722841231
"J. A. Happ","Ty Blach",1.07057779440004
"Gio Gonzalez","Ty Blach",1.15686697735905
"Travis Wood","Ty Blach",1.62499977751659
"Clayton Kershaw","Ty Blach",2.05259366234345
"Wade Miley","Ty Blach",1.21348498393743
"Jose Quintana","Ty Blach",1.59022895023666
"Derek Holland","Ty Blach",1.2452520281797
"Madison Bumgarner","Ty Blach",1.30842776430028
"Danny Duffy","Ty Blach",1.34125531368324
"Matt Moore","Ty Blach",0.812001515231916
"Drew Pomeranz","Ty Blach",2.16439549906074
"Chris Sale","Ty Blach",1.54278858869212
"Martin Perez","Ty Blach",0.955784162449036
"Adam Conley","Ty Blach",0.571708055814247
"Mike Montgomery","Ty Blach",1.24317314425734
"Hyun-Jin Ryu","Ty Blach",0.942567623126549
"Matt Boyd","Ty Blach",0.89850453518427
"Patrick Corbin","Ty Blach",1.46376158381149
"Steven Matz","Ty Blach",1.16533837470585
"James Paxton","Ty Blach",1.72477154321968
"Dallas Keuchel","Ty Blach",1.30337580182745
"Robbie Ray","Ty Blach",1.63088370723873
"Eduardo Rodriguez","Ty Blach",1.14239506931602
"Daniel Norris","Ty Blach",1.45949296469835
"Blake Snell","Ty Blach",1.5169035702607
"Adalberto Mejia","Ty Blach",1.13553297257838
"Carlos Rodon","Ty Blach",1.38500805687257
"Kyle Freeland","Ty Blach",1.35333569850677
"Sean Manaea","Ty Blach",0.915152597080134
"Jordan Montgomery","Ty Blach",1.31777007766114
"Sean Newcomb","Ty Blach",1.59331094098384
"Ariel Miranda","Ty Blach",1.11246698650163
"Jason Vargas","Ty Blach",1.15720661676042
"Ty Blach","Ty Blach",0
"Alex Wood","Ty Blach",0.908578764598057
"Hector Santiago","Ty Blach",0.723524442977446
"CC Sabathia","Alex Wood",1.16612048554444
"Cole Hamels","Alex Wood",0.866052923629106
"Francisco Liriano","Alex Wood",0.749044353083447
"Rich Hill","Alex Wood",2.25106692066375
"Jaime Garcia","Alex Wood",1.00637172245357
"Jon Lester","Alex Wood",1.12067023501176
"Clayton Richard","Alex Wood",1.0897264716037
"David Price","Alex Wood",0.818267282053481
"J. A. Happ","Alex Wood",0.93975402883453
"Gio Gonzalez","Alex Wood",1.04381806219104
"Travis Wood","Alex Wood",1.479188856467
"Clayton Kershaw","Alex Wood",2.05462833688124
"Wade Miley","Alex Wood",1.0554717854926
"Jose Quintana","Alex Wood",1.2176947669221
"Derek Holland","Alex Wood",0.997751674767883
"Madison Bumgarner","Alex Wood",1.1979790569432
"Danny Duffy","Alex Wood",0.84982621277687
"Matt Moore","Alex Wood",0.579612982108242
"Drew Pomeranz","Alex Wood",1.8832506673829
"Chris Sale","Alex Wood",0.998786185768926
"Martin Perez","Alex Wood",0.708600991853588
"Adam Conley","Alex Wood",0.775381365512879
"Mike Montgomery","Alex Wood",0.96931668061488
"Hyun-Jin Ryu","Alex Wood",1.22995082847913
"Matt Boyd","Alex Wood",0.920595951059384
"Patrick Corbin","Alex Wood",1.02903252061779
"Steven Matz","Alex Wood",0.846483341930113
"James Paxton","Alex Wood",1.24275011471591
"Dallas Keuchel","Alex Wood",1.24618565808346
"Robbie Ray","Alex Wood",1.17159996316414
"Eduardo Rodriguez","Alex Wood",0.798764405968364
"Daniel Norris","Alex Wood",1.0974433339025
"Blake Snell","Alex Wood",1.27336496496274
"Adalberto Mejia","Alex Wood",0.712456871527933
"Carlos Rodon","Alex Wood",0.764991483009361
"Kyle Freeland","Alex Wood",0.879966265417776
"Sean Manaea","Alex Wood",0.938024472422575
"Jordan Montgomery","Alex Wood",1.04922780677235
"Sean Newcomb","Alex Wood",1.17775972813879
"Ariel Miranda","Alex Wood",0.91702273432293
"Jason Vargas","Alex Wood",1.6050106728524
"Ty Blach","Alex Wood",0.908578764598057
"Alex Wood","Alex Wood",0
"Hector Santiago","Alex Wood",0.997795483377742
"CC Sabathia","Hector Santiago",1.4647758954194
"Cole Hamels","Hector Santiago",0.938279874537261
"Francisco Liriano","Hector Santiago",1.32630002994987
"Rich Hill","Hector Santiago",2.24051310901742
"Jaime Garcia","Hector Santiago",1.26942207492901
"Jon Lester","Hector Santiago",1.13216871141531
"Clayton Richard","Hector Santiago",1.6620524455165
"David Price","Hector Santiago",1.18191909143769
"J. A. Happ","Hector Santiago",0.919986931324153
"Gio Gonzalez","Hector Santiago",1.31001701163311
"Travis Wood","Hector Santiago",1.31027570574961
"Clayton Kershaw","Hector Santiago",1.91600520186481
"Wade Miley","Hector Santiago",1.05356567848803
"Jose Quintana","Hector Santiago",1.39662777385868
"Derek Holland","Hector Santiago",1.23647148649755
"Madison Bumgarner","Hector Santiago",1.22523804348764
"Danny Duffy","Hector Santiago",1.17766220284658
"Matt Moore","Hector Santiago",0.781185440209776
"Drew Pomeranz","Hector Santiago",2.11260104071019
"Chris Sale","Hector Santiago",1.72536570112532
"Martin Perez","Hector Santiago",1.0805235953868
"Adam Conley","Hector Santiago",0.874066516660922
"Mike Montgomery","Hector Santiago",1.49202632885446
"Hyun-Jin Ryu","Hector Santiago",1.16005706996766
"Matt Boyd","Hector Santiago",1.00419875741187
"Patrick Corbin","Hector Santiago",1.48006084114105
"Steven Matz","Hector Santiago",1.39244184035099
"James Paxton","Hector Santiago",1.59083700554742
"Dallas Keuchel","Hector Santiago",1.51011612404078
"Robbie Ray","Hector Santiago",1.54150666382471
"Eduardo Rodriguez","Hector Santiago",0.949275472455719
"Daniel Norris","Hector Santiago",1.4046399419913
"Blake Snell","Hector Santiago",1.22519252494273
"Adalberto Mejia","Hector Santiago",0.911690820908763
"Carlos Rodon","Hector Santiago",1.27980794606028
"Kyle Freeland","Hector Santiago",1.39444057463969
"Sean Manaea","Hector Santiago",1.30481016251005
"Jordan Montgomery","Hector Santiago",1.1549898792423
"Sean Newcomb","Hector Santiago",1.46289564124863
"Ariel Miranda","Hector Santiago",0.749320244903624
"Jason Vargas","Hector Santiago",1.50178378011009
"Ty Blach","Hector Santiago",0.723524442977446
"Alex Wood","Hector Santiago",0.997795483377742
"Hector Santiago","Hector Santiago",0
